person_number,person_name,address,project_list,url,error
448521894,Professor Dr. Han van der Aa,"Universität Wien
Fakultät für Informatik
Knowledge and Business Engineering Workflow Systems and Technology
Währingerstraße 29
1010 Wien
Österreich",Semantische Prozesserkennung basierend auf Benutzerinteraktionsprotokollen,https://gepris.dfg.de/gepris/person/448521894,
1551608,Professor Dr.-Ing. Til Aach (†),,"Nonlinear analysis of multi-dimensional signals: local adaptive estimation of complex motion and orientation patterns, Mehrfachorientierung und Mehrfach-Steuerbarkeit in der Bildanalyse, Geometrische Kalibration und Kompensation von Multispektralkameras",https://gepris.dfg.de/gepris/person/1551608,
259603769,Professorin Dr. Kjersti Aagaard,"Baylor College of Medicine
One Baylor Plaza
Houston TX 77030
USA",Molekulare Veränderungen des Schilddrüsenhormonstoffwechsels in der humanen Plazenta durch mütterliche Übergewichtigkeit,https://gepris.dfg.de/gepris/person/259603769,
280354398,"David Aagten-Murphy, Ph.D.","Ludwig-Maximilians-Universität München
Department Psychologie
Lehrstuhl für Allgemeine und Experimentelle Psychologie
Leopoldstraße 13
80802 München",Wahrnehmungsstabilität durch prädiktive Aufmerksamkeitsverlagerung,https://gepris.dfg.de/gepris/person/280354398,
1795716,Dr. Maryam Aalamian-Mattheis,"Johns Hopkins Hospital
1800 Orleans Street
Baltimore MD 21287
USA",Evaluierung der Effektivität der Vakzinebehandlung des Prostatakarzinoms in Kombination mit nicht-myeloablativer Knochenmarktransplantation im Tiermodell,https://gepris.dfg.de/gepris/person/1795716,
71615791,Professor Dr. Wil van der Aalst,"Rheinisch-Westfälische Technische Hochschule Aachen
Fachgruppe Informatik
Lehrstuhl für Informatik 9 - Process and Data Science
Ahornstraße 55
52074 Aachen",EXC 2023: Internet of Production (IoP),https://gepris.dfg.de/gepris/person/71615791,
241350988,Privatdozentin Dr. Ghazal Aarabi,"Universitätsklinikum Hamburg-Eppendorf
Zentrum für Zahn-, Mund- und Kieferheilkunde (ZMK)
Poliklinik für Parodontologie, Präventive Zahnmedizin
Martinistraße 52
20251 Hamburg","Identifikation Oraler Mikrobieller Profile der Parodontitis und deren Beziehung zu kardiovaskulären Erkrankungen, Zusammenhang zwischen Parodontitis, Hirnstruktur und kognitiver Hirnfunktion: Eine multimodale Studie mit biologischen und bildgebenden Risikomarkern (PAROMIND), Parodontitis als Risikofaktor für zerebrale Mikroangiopathien und stumme Hirninfarkte",https://gepris.dfg.de/gepris/person/241350988,
359368395,Dr. Erik Aarden,"Universität Wien
Institut für Wissenschafts- und Technikforschung
Universitätsstraße 7
1010 Wien
Österreich",Europas Forschungsinfrastrukturen: Akteure Europäischer Integration,https://gepris.dfg.de/gepris/person/359368395,
162873306,Professor Dr. Jaan Aarik,"University of Tartu
Institute of Physics
Ülikooli 18
50090 Tartu
Estland",Entangled spin pairs in graphene ENTS,https://gepris.dfg.de/gepris/person/162873306,
136847108,Dr. Timo Aarrevaara,"Tampereen yliopisto
Kalevantie 4
33014 Tampere
Finnland",The Academic Profession in Europe: Responses to Societal Challenges,https://gepris.dfg.de/gepris/person/136847108,
260386,Dr. Jac M.M.J.G. Aarts,"Wageningen University
Biological Farming Systems Group
Tuinlaan 5
6700 Wageningen
Niederlande",GRK 738: Molecular Mechanisms in Food Toxicology,https://gepris.dfg.de/gepris/person/260386,
93878196,Professor Dr. Mark G. M. Aarts,"Wageningen University
Department of Plant Sciences
Laboratory of Genetics
Droevendaalsesteeg 1
6708 PB Wageningen
Niederlande",Diffusionsbarrieren in der Pflanzenwurzel: Entstehung und Auswirkung auf Nährstoffhaushalt und Stresstoleranz,https://gepris.dfg.de/gepris/person/93878196,
378189725,"Professorin Annemieke Aartsma-Rus, Ph.D.","Leids Universitair Medisch Centrum
Einthovenweg 20
2333 ZC Leiden
Niederlande",Etablierung einer in vitro Plattform für die Entwicklung von n-von-1 Antisense-Oligonukleotid-Therapien für ultraseltene metabolische Erkrankungen des ZNS,https://gepris.dfg.de/gepris/person/378189725,
1686022,Privatdozent Dr. Gregor Aas,"Universität Bayreuth
Ökologisch-Botanischer Garten
Universitätsstraße 30
95447 Bayreuth",GRK 678: Wirk- und Signalstoffe bei Insekten - von der Struktur zur Funktion im Ökosystem,https://gepris.dfg.de/gepris/person/1686022,
183697900,"Professor Ivar A. Aavatsmark, Ph.D.","University of Bergen
Department of Mathematics
Postfach 7800
5020 Bergen
Norwegen",GRK 1398: Nichtlinearitäten und Upscaling in porösen Medien,https://gepris.dfg.de/gepris/person/183697900,
558154874,Professorin Kristin B. Aavitsland,"Universitetet i Oslo (UiO)
Istituto di Norvegia in Roma
Viale Trenta Aprile 33
00153 Roma
Italien","Das Nachleben des Museumsinterieurs der Moderne. Möbel und Hängevorrichtungen von Kunstwerken im Palazzo Bianco, Genua (1942-heute)",https://gepris.dfg.de/gepris/person/558154874,
210367509,Dr. Abdallah Ababneh,"Yarmouk University
Hajjawi Faculty for Engineering Technology
Electronic Engineering Department
POB 566
Irbid 22110
Jordanien",Mikroresonatoren für Anwendungen in Flüssigkeiten und Gasen,https://gepris.dfg.de/gepris/person/210367509,
167919607,Dr. Mohammad Ibrahim Ababneh,Es liegt keine aktuelle Dienstanschrift vor.,Lebensweise und soziokulturelle Besonderheiten bei den altnordarabischen Nomaden im Licht ihrer epigraphischen Dokumente,https://gepris.dfg.de/gepris/person/167919607,
430223755,Professor Dr. Taher S. Ababneh,"Tafila Technical University
Faculty of Sciences
Department of Chemistry
P.O. Box 179
Tafila 66110
Jordanien",Untersuchung der Immobilisierungswechselwirkung zwischen photoaktiven Cu(I)-Komplexen und polymeren Matrizen mit theoretischen und experimentellen Methoden,https://gepris.dfg.de/gepris/person/430223755,
60495594,Dr. Alvaro J. Abackerli,"Universidade Metodista de Piracicaba (UNIMEP)
Nucleo de Gestao da Qualidade e Metrologia
Rodovia Santa Barbara Iracemapolis km 1
13450000 Santa Bárbara d'Oeste
Brasilien","Innovative Steuerung und Programmierung von Industrierobotern zur Steigerung der Bauteilequalität, Holistic optimisation of sculptured surfaces manufacturing",https://gepris.dfg.de/gepris/person/60495594,
280181940,Professor Dr. Javier Garcia De Abajo,"IBEC- Institute for Bioengineering of Catalonia
Single Molecule BioNanophotonics group
Baldiri Reixac, 15-21
08028 Barcelona
Spanien",Nanopartikuläre Hybridmaterialien mit plasmonisch-verstärktem Aufkonvertierungs-FRET für die multiple Sensorik und optisches Barcoding,https://gepris.dfg.de/gepris/person/280181940,
325489767,"Professor Dr. Daniel Abankwa, Ph.D.","Université du Luxembourg
Department of Life Sciences and Medicine
Cancer Cell Biology and Drug Discovery
7, Avenue des Hauts-Fourneaux
4362 Esch-sur-Alzette
Luxemburg",Untersuchung von nanoskaliger polarisierter Ras Protein Verteilung als Verursacher von Krebs-Stammzelleneigenschaften,https://gepris.dfg.de/gepris/person/325489767,
250929785,"Judit Abardia-Evéquoz, Ph.D.","Goethe-Universität Frankfurt am Main
Fachbereich 12: Informatik und Mathematik
Institut für Mathematik
Postfach 11932
60054 Frankfurt am Main",Isoperimetrische Ungleichungen und Minkowski Bewertungen in einem komplexen Vektorraum,https://gepris.dfg.de/gepris/person/250929785,
1972075,Professor Dr. Rainer Abart,"Universität Wien
UZA 2
Department für Lithosphärenforschung
Josef-Holaubek-Platz 2
1090 Wien
Österreich","Diffusion controlled evolution of reaction microstructures: potential geospeedometers for garnet granulite xenoliths from the lower crust., Non-linear diffusion during phase separation and symplectite formation in alkali feldspar: an experimental and modelling approach (TP8), Der Einfluss von Defektstrukturen an Reaktionsfronten und Scherverformung auf die Kinetik von Spinell-Saumwachstum im System MgO-Al2O3, FOR 741: Nanoscale Processes and Geomaterials Properties, Koordination der Forschungsgruppe 741, Diffusion-diffusive Phasetransformationen in Alkalifeldspat, The effect of water on diffusion-controlled reaction rim growth (TP3), Re-equilibration processes in grain-internal domains: The interrelation of mineral reactions and deformation during metamorphism (TP14), Radiotracer-Diffusion und Leitfähigkeit von Natrium und Kalium in Alkalifeldspat",https://gepris.dfg.de/gepris/person/1972075,
416885804,"Professor Antonio Abate, Ph.D.","Universität Bielefeld
Fakultät für Chemie
Bereich Physikalische Chemie
Arbeitsgruppe Material Science - Joint Lab BiBer
Universitätsstraße 25
33615 Bielefeld",Rasterkraftmikroskop mit Glovebox-Cluster,https://gepris.dfg.de/gepris/person/416885804,
1355128,Professorin Dr. Mona Abaza,"The American University in Cairo
AUC Avenue, P.O. Box 74
New Cairo 11835
Ägypten",Kairener Graffiti als Spiegel politischer und gesellschaftlicher Umbrüche: Eine Untersuchung ikonographischer Dynamiken und Selbstverortungen junger Künstler_innen (seit 2011),https://gepris.dfg.de/gepris/person/1355128,
262300096,Dr. Pascal Abb,"Leibniz-Institut für Friedens- und Konfliktforschung (PRIF)
Programmbereich IV: Innerstaatliche Konflikte
Baseler Straße 27-31
60329 Frankfurt am Main",Chinesische Adaptierung an Konfliktrisiken in der Ära der Belt-and-Road-Initiative: eine Multi-Akteurs-Analyse von Risikoperzeptionen und -reaktionen,https://gepris.dfg.de/gepris/person/262300096,
405571593,"Nathlee Abbai, Ph.D.","University of KwaZulu-Natal (UKZN)
School of Clinical Medicine Laboratory
Durban
Südafrika",Das Wirtsrezeptor-Spektrum von Neisseria gonorrhoeae und Haemophilus ducreyi,https://gepris.dfg.de/gepris/person/405571593,
286980699,Dr. Marco Abbarchi,"Université Aix-Marseille
Institut Matériaux Microélectronique et Nanosciences de Provence
(IM2NP) - UMR CNRS 6242
Avenue Escadrille Normandie Niemen
13397 Marseille
Frankreich",Quanten und klassische Lichtquellen in Silizium: Verunreinigungen und komplexe Defekte für die Nanophotonik,https://gepris.dfg.de/gepris/person/286980699,
1925992,Professor Dr. Abul K. Abbas,"University of California, San Francisco
Department of Pathology
1600 Divisadero Street
San Francisco CA 94143-0506
USA","Funktionelle Regulation des ""activation induced cell death"" (AICD) in CD4+-Lymphozyten",https://gepris.dfg.de/gepris/person/1925992,
238645507,Dr.-Ing. Hossameldin Abbas,"Universität zu Lübeck
Sektion Informatik / Technik
Institut für Medizinische Elektrotechnik
Moislinger Allee 53-55
23558 Lübeck","Angewandte Modell-prädiktive Regelung für Nichtlineare/Zeit-veränderliche Systeme unter Verwendung von Linear-Parameter Veränderlicher Modelle, Linear parameter-variable Regelung - Komplexität von Analyse, Synthese und Implementierung",https://gepris.dfg.de/gepris/person/238645507,
154729985,Professor Dr. Mehrdad Abbasi,"Iranian Research Institute of Plant Protection
P.O. Box 19395-1454
Tehran 1985813111
Iran",Taxonomische Revision von Allium subg. Melanocryommyum für das Territorium des Iran,https://gepris.dfg.de/gepris/person/154729985,
567619524,"Dr. Gorkhmaz Abbaszade, Ph.D.","Helmholtz-Zentrum für Umweltforschung - UFZ
Themenbereich Nachhaltige Technologien für die Umwelt
Department Umweltmikrobiologie
Permoserstraße 15
04318 Leipzig","Analyse der lokalen Struktur und Funktion von bakteriellen Kolonien und Biofilmen auf Einzelzellebene mittels Durchflusszytometrie, Zellsortierung, Multi-omics und Datenwissenschaft - Z-PROJECT",https://gepris.dfg.de/gepris/person/567619524,
432499605,Dr. Josh Abbenseth,Es liegt keine aktuelle Dienstanschrift vor.,"Geometrisch verzerrte Phosphorverbindungen als Schlüsselspezies in N-H-Bindungsaktivierungsreaktionen und anschließende katalytische Anwendungen, Eine neue Strategie für die katalytische Hydroaminierung von Olefinen: Aktivierung von Ammoniak mittels geometrisch verzerrter Phosphor(III) Verbindungen, Rückkehrstipendium",https://gepris.dfg.de/gepris/person/432499605,
554521376,Dr. Hanna Abberger,"The Walter and Eliza Hall Institute of Medical Research
1G Royal Parade
Parkville VIC 3052
Australien",Optimierung von mRNA-Impfstoffen zur Nutzung von stamm-ähnlichen T-Zellen in Krebs,https://gepris.dfg.de/gepris/person/554521376,
16810757,Privatdozent Dr. Klaus Abberger,"ifo Institut - Leibniz-Institut für Wirtschaftsforschung
an der Universität München e.V.
Poschingerstraße 5
81679 München","Modeling mixed-frequency data, business-cycle modeling, and the analysis of financial- and real-sector interactions",https://gepris.dfg.de/gepris/person/16810757,
519777762,Dr. Avishai Abbo,"Goethe-Universität Frankfurt am Main
Institut für Geowissenschaften
Facheinheit Mineralogie
Abteilung Petrologie und Geochemie
Altenhöferallee 1
60438 Frankfurt am Main",Rückverfolgung der Entstehung und Entwicklung der kontinentalen Kruste im Archaikum-Proterozoikum anhand von In-situ-B-Isotopenanalysen ozeanischer Ablagerungen,https://gepris.dfg.de/gepris/person/519777762,
56112542,Professor Dr. Shahal Abbo,"The Hebrew University of Jerusalem
Institute of Plant Sciences and Genetics in Agriculture
POB 12
Rehovot 76100
Israel",VETCH NUTRITION: Agronomische Aufwertung der alten Kulturart Linsenwicke (Vicia erviliaals lokale Eiweißpflanzen in Europa und Israel,https://gepris.dfg.de/gepris/person/56112542,
43700641,Professor Dr. Alberto Abbondandolo,"Ruhr-Universität Bochum
Fakultät für Mathematik
Lehrstuhl Analysis (Prof. Abbondandolo)
Universitätsstraße 150
44801 Bochum","Mitteldimensionale Squeezing- und Non-Squeezing-Phänomene Hamiltonscher dynamischer Systeme in endlich- und unendlichdimensionalen Phasenräumen, Periodische Orbits konservativer Systeme unterhalb des kritischen Energiewerts von Mañé, MORSE - Theoretische Methoden in Hamiltonscher Dynamik, Systolische Ungleichungen in der Reeb-Dynamik, Rabinowitz Floer homology, Symplektische Kapazitäten von Polytopen, Analysis of Floer Homology, its Natural Ring Structure and its S1-equivariant version, in Relation with the Free Loop Space and Symplectic Invariants, Morse theoretische Methoden in Analysis, Dynamik, und Geometrie",https://gepris.dfg.de/gepris/person/43700641,
540701062,Dr. Nadya Abbood,"Yale University
Institute of Biomolecular Design and Discovery (IBDD)
600 West Campus Drive
West Haven CT 06516
USA",Analyse spezialisierter Stoffwechselprodukte von Clostridioides difficile an der Schnittstelle zwischen Mensch und Mikrobe,https://gepris.dfg.de/gepris/person/540701062,
209893470,"Professor Dorian S. Abbot, Ph.D.","University of Chicago
Department of the Geophysical Sciences
5734 S. Ellis Ave.
Chicago IL 60637
USA",Ist die Jormungandhypothese eine mögliche alternative Erklärung für die Neoproterozoischen Eiszeiten?,https://gepris.dfg.de/gepris/person/209893470,
471074307,Privatdozent Dr. Tammam Abboud,"Georg-August-Universität Göttingen
Universitätsmedizin Göttingen
Klinik für Neurochirurgie
Robert-Koch-Straße 40
37075 Göttingen",Neue Methoden zur intraoperativen Untersuchung der elektrischen Eigenschaften des Gehirns,https://gepris.dfg.de/gepris/person/471074307,
1358310,Dr. Gudrun Abbt-Braun,"Karlsruher Institut für Technologie (KIT)
Engler-Bunte-Institut
Lehrstuhl für Wasserchemie und Wassertechnologie
Engler-Bunte-Ring 9a
76131 Karlsruhe","Isolierung und Charakterisierung von Bezugssubstanzen im Forschungsschwerpunkt ROSIG, Untersuchungen geochemischer Umsetzungen im Leckagebereich von Abwasserkanälen: Weitergehende DOC-Charakterisierung, sowie Studien zum Verhalten von Arzneimitteln in der Bodenpassage, Koordination der Forschungsgruppe 350, The Impact of Eutrophicaton and Decomposition of Organic Mater and Oriented Treatment on Water Quality, Einfluss von Störsubstanzen auf die bakterielle Nitrifikation im Abwasser - Untersuchungen mit Hilfe der Fluoreszenz in-situ Hybridisierung (EISBANA), Refractory Organic Substances in Capillary Fringes: Dynamics, Gradients and Reactions",https://gepris.dfg.de/gepris/person/1358310,
316983490,Negar Abdali,"Ruprecht-Karls-Universität Heidelberg
Zentrum für Altertumswissenschaften
Institut für Ur- und Frühgeschichte und
Vorderasiatische Archäologie
Sandgasse 7
69117 Heidelberg",Archäometrische Studie zu glasierten Backsteinen aus dem nordwestlichen Iran des 1. Jahrtausends v. Chr.,https://gepris.dfg.de/gepris/person/316983490,
59429943,Dr. Yaser Abdallah,"Justus-Liebig-Universität Gießen
Fachbereich Medizin
Physiologisches Institut
Aulweg 129
35392 Gießen","Identifizierung der zellulären Zielorganellen der Postkonditionierungsprotektion im reperfundierten Myokard, GRK 1566: Protecting the Heart from Ischemia (PROMISE)",https://gepris.dfg.de/gepris/person/59429943,
545905469,"Professor Redha Abdeddaim, Ph.D.","Université Aix-Marseille
Institut Fresnel - UMR 7249
Avenue Escadrille Normandie-Niemen
13397 Marseille Cedex
Frankreich",Nahfelduntersuchung zur Optimierung der Kommunikation über den menschlichen Körper,https://gepris.dfg.de/gepris/person/545905469,
1951404,Professor Dr. Ziad A. Abdeen,"Al-Quds University
Faculty of Medicine
Al-Quds Nutriton and Health Reserach Institute
Dept. of Community Health
Postfach P.O. Box. 19356
19356 Abu Dis
Palästina","Determinants of Cognitive Development in Deprived Environments: Evidence from the West Bank, Elektrogesponnene Polymervliese als hochfunktionale Substrate für Anwendungen in der Wasserverschmutzung und medizinischen Anwendungen, TBRF in the Middle East: Prevalence, molecular characterization and pathogenesis, Molecular evolution of mycobacterial and other relevant zoonotic infectious diseases in early civilizations - Host-pathogen relation and its changes in populations of the Dead Sea Valley and adjacent regions between the pre-domestication Neolithic and the Roman period, Emergence of Cutaneous Leishmaniasis due to Leishmania tropica and L. major in The Palestinian Authority and Israel",https://gepris.dfg.de/gepris/person/1951404,
571157370,Dr. Schaima Abdelhadi,"Medizinische Fakultät Mannheim der Universität Heidelberg
Universitätsmedizin Mannheim
Chirurgische Klinik
Theodor-Kutzer-Ufer 1-3
68167 Mannheim",PRÄVE-NAT: PRÄVEntion interventionsbedürftiger intraabdomineller Abszesse nach Laparotomie bei akuter Peritonitis durch intraoperative Peritoneal-Spülung mit NATriumhypochlorit/Hypochlorigesäure (NaOCl/HOCl)-Lösung - Eine Pilot-RCT,https://gepris.dfg.de/gepris/person/571157370,
277845590,"Mahmoud Rabie Abdel-Hafez, Ph.D.","Harvard University
Lyman Laboratory of Physics
17 Oxford Street
Cambridge MA 02138
USA",Kristallzüchtung und thermodynamische Untersuchungen von isovalent dotierten Eisen-basierten Supraleitern,https://gepris.dfg.de/gepris/person/277845590,
352651978,Dr. Hatem Abdelhalim Amin,"Ruhr-Universität Bochum
Fakultät für Chemie und Biochemie
Anorganische Chemie I - Lehrstuhl für
Bioanorganische Chemie
Universitätsstraße 150
44801 Bochum",Charakterisierung einzelner Polymer-Nanopartikel via Impact Voltammetrie,https://gepris.dfg.de/gepris/person/352651978,
239299839,"Professor Mohammed Abdellaoui, Ph.D.","HEC Paris
1, rue de la Libération
78350 Jouy-en-Josas
Frankreich",Risikopräferenzen und ökonomisches Verhalten: Experimentelle Untersuchung im Feld,https://gepris.dfg.de/gepris/person/239299839,
1858993,Dr. Mohatmed Abdel-latief,"Freie Universität Berlin
Institut für Biologie
Angewandte Zoologie / Ökologie der Tiere
Haderslebener Straße 9
12163 Berlin",Immunantwort von Inseteneiern auf Parasitierung,https://gepris.dfg.de/gepris/person/1858993,
447251927,"Privatdozent Ali Abdel-Mageed, Ph.D.","Leibniz-Institut für Katalyse e. V. an der Universität Rostock (LIKAT)
Bereich Heterogen-katalytische Verfahren
AG Oberflächenchemie in der angewandten Katalyse
Albert-Einstein-Straße 29a
18059 Rostock",Struktur-Reaktivitäts-Beziehungen in MoO3-basierten Katalysatoren für die Hydro-deoxygenierung von Lignin-Pyrolyseprodukten,https://gepris.dfg.de/gepris/person/447251927,
1605943,Professor Dr.-Ing. Moustafa Abdel-Maksoud,"Technische Universität Hamburg
Institut für Fluiddynamik und Schiffstheorie
Schwarzenbergstraße 95 c
21073 Hamburg","Simulation von Kaviationseffekten in Wirbelströmungen, Ein Verfahren zur Optimierung von aus Mehrkomponenten bestehenden Schiffsantrieben, Entwicklung von numerischen Methoden zur Auflösung konzentrierter Wirbelstrukturen, Minimierung unerwünschter Wellenreflexionen an den Gebietsrändern in Strömungssimulationen mit freier Oberfläche basierend auf den Navier-Stokes Gleichungen, Hydro-elastische Simulation der Akustik von Schiff-Propeller-Konfigurationen mit und ohne Kavitation, GRK 1096: Seehäfen für Containerschiffe zukünftiger Generationen: Interaktion von Schiff, Fluid, Struktur und Boden",https://gepris.dfg.de/gepris/person/1605943,
1551640,Professor Dr. Mohsen Abd-Elmeguid,"Universität zu Köln
Department Physik
Institut für Experimentalphysik
Zülpicher Straße 77
50937 Köln","Hochdruckuntersuchungen, Elektrischer und thermischer Transport in komplexen Übergangsmetallverbindungen",https://gepris.dfg.de/gepris/person/1551640,
261056551,"Ahmed Abdelmonem, Ph.D.","Karlsruher Institut für Technologie (KIT)
Institut für Meteorologie und Klimaforschung
Atmosphärische Aerosolforschung (AAF)
Hermann-von-Helmholtz-Platz 1
76344 Eggenstein-Leopoldshafen","Direkte Beobachtung von Elementarprozessen bei der heterogenen Eis- Nukleation durch nichtlineare optische Spektroskopie: Die Rolle von Hydroxyl-Gruppen an den Oberflächen von mineralischen Aerosolpartikeln, Atmosphärische Photochemie auf molekularer Ebene durch nichtlineare optische Spektroskopie",https://gepris.dfg.de/gepris/person/261056551,
528681805,"Mahmoud Abdelrahman, Ph.D.","SCK•CEN Belgian Nuclear Research Centre
Boeretang 200
2400 Mol
Belgien",Entwicklung echtzeitfähiger Verfahren zur Simulation von Photonenstrahlung - am Beispiel der quantitiativen Dosimetrie in der interventionellen Radiologie,https://gepris.dfg.de/gepris/person/528681805,
1853645,Professorin Dr. Rasha Abdel Rahman,"Humboldt-Universität zu Berlin
Lebenswissenschaftliche Fakultät
Institut für Psychologie
Rudower Chaussee 18
12489 Berlin","Die Neurokognition sozial-emotionaler (Fehl)Information, Eine komputationelle Implementierung des ""Swinging Lexical Network""-Modells der Sprachproduktion, Semantische Expertise in der Gesichtererkennung und Sprachproduktion: Vergleichende kognitionspsychologische und neurowissenschaftliche Untersuchungen, Semantische Einflussgrößen zwischen visueller Wahrnehmung, Gedächtnisabruf und Sprachproduktion: Neurowissenschaftliche Untersuchungen, Dynamik und Flexibilität des Sprachproduktionssystems, Einsicht: Neurowissenschaftliche Untersuchungen des Einflusses von Wissen auf Wahrnehmung und Bewusstsein, Sprachproduktion bei geteilter Handlungsrepräsentation, EXC 2002: Science of Intelligence (SCIoI), Einfluss von Lebensalter und Sprachkompetenz auf die Verarbeitung morphologisch komplexer Wörter",https://gepris.dfg.de/gepris/person/1853645,
346247900,Dr. Ahmed Abd El Wahed,"Universität Leipzig
Veterinärmedizinische Fakultät
Institut für Tierhygiene und Öffentliches Veterinärwesen
An den Tierkliniken 1
04103 Leipzig",Molekulare Evolution von Mycobacterium avium subsp. paratuberculosis in Afrika,https://gepris.dfg.de/gepris/person/346247900,
241473847,Privatdozent Dr. El-Sayed Mohammed Abd El-Whab,"Friedrich-Loeffler-Institut
Bundesforschungsinstitut für Tiergesundheit
Institut für molekulare Virologie und Zellbiologie (IMVZ)
Südufer 10
17493 Greifswald","Die Rolle der adaptiven Immunität bei der Virulenz, Pathogenese und dem Schutz vor aviären Influenzaviren, Pathogenese aviärer H7N1 und H7N7 Influenzaviren im Geflügel: Virulenzdeterminanten, Adaptation und Virus-Wirt-Interaktionen von gering und hoch pathogenen Viren, Bestimmung von Virulenzdeterminanten von hoch pathogenen Nicht-H5/Nicht-H7 aviären Influenzaviren",https://gepris.dfg.de/gepris/person/241473847,
424130763,Professor Dr. Kamyar Abdi,"Shiraz University
Ghasro Dasht Street
Shiraz
Iran",Ein neues elamisches Archiv von Goshtaspi: Verwaltung der Subsistenzwirtschaft im späten mittelelamischen Reich (um 1100 v.Chr.),https://gepris.dfg.de/gepris/person/424130763,
386719848,Professor Dr. Asghar Abdoli,"Shahid Beheshti University
Department of Biodiversity and Ecosystem Management
Daneshjou Boulevard
Tehran 1983969411
Iran",Vom Wasser- zum Landbewohner: die Ontogenie Persischer Schlammspringer,https://gepris.dfg.de/gepris/person/386719848,
556118334,"Dr. Iman Abdoli, Ph.D.","Heinrich-Heine-Universität Düsseldorf
Institut für Theoretische Physik II - Soft Matter
Universitätsstraße 1
40225 Düsseldorf",Kreisschwimmer in komplexen Umgebungen,https://gepris.dfg.de/gepris/person/556118334,
22094415,"Professor Amir Abdollahi, Ph.D.","Universitätsklinikum Heidelberg
Klinik für RadioOnkologie und Strahlentherapie
(Czerny-Klinik)
Im Neuenheimer Feld 400
69120 Heidelberg","The Role of Tumor-Vessel Interface in Multimodal Cancer Therapy, Biomarker der Schwerionentherapie, Biologisch Individualisierte Schwerionentherapie des Lungenkarzinoms, Integrative Analyse der molekularen und zellulären Mechanismen bei Therapieversagen und Entstehung von Tumorrezidiven bei Kopf-Halstumoren nach operativer Tumorresektion, Überwindung der Radioresistenz von Glioblastomen durch Partikeltherapie",https://gepris.dfg.de/gepris/person/22094415,
781172,Professor Joseph Abdou,"Université Paris 1 Panthéon-Sorbonne
Paris
Frankreich",GRK 1134: Ökonomisches Verhalten und Interaktionsmodelle,https://gepris.dfg.de/gepris/person/781172,
72886103,Dr. Marwan Abdou Ahmed,"Universität Stuttgart
Institut für Strahlwerkzeuge (IFSW)
Pfaffenwaldring 43
70569 Stuttgart","Vertikal oberflächenemittierender Laser mit externem Resonator basierend auf einem neuartigen GaInP/AlGaInP-Gitterwellenleiter für einen effizienten Hochleistungsbetrieb, Mikroexplosions-basierte Materialumwandlungen von Silizium und neuartige 3D Fertigungstechnologien mit Raman-konvertierten Kilowatt-Ultrakurzpulslasern, Herstellung von laseraktiven Sesquioxiden (Yb:Lu2O3 und Yb:LuScO3) und deren Anwendung in Hochleistungs-Ultrakurzpuls-Scheibenlasern (LuThER)",https://gepris.dfg.de/gepris/person/72886103,
162817786,Gailou Abdoulaye,"Université d'Abomey Calavi
Faculté des Sciences Agronomiques
Département d'Economie de Sociologie d'Anthropologie et de Communication
Postfach BP 526
Cotonou
Benin",Kindspflegschaften im Kontext ethnischer Heterogenität (Borgu/Republik Benin),https://gepris.dfg.de/gepris/person/162817786,
501431728,"Professor Mamoudou Abdoulmoumini, Ph.D.","Université de Ngaoundéré
École des Sciences et de Médecine Vétérinaire
Ngaoundéré 00237
Kamerun",Vernachlässigte Orthonairoviren: Aufklärung der Vektor-Tier-Mensch-Interaktionen in Kamerun,https://gepris.dfg.de/gepris/person/501431728,
1954510,Professor Dr. S. Abdraimov,"Academy of the Ministry of Education
and Sciences Rep. Kazakhstan (aufgelöst)
Shimkent
Kasachstan",Entwicklung von Methoden zur Rehabilitierung von den Auwäldern entlang der Flüsse und in den Deltas der Aralsee-Niederung,https://gepris.dfg.de/gepris/person/1954510,
216374398,Professor Dr. Kanatbek Abdrakhmatov,"National Academy of Sciences of Kyrgyz Republic
Institute of Seismology
Asanbay 52/1
720060 Bishkek
Kirgisistan","Digitizing drill logs and geophysical data from Issyk Kul, Die spätquartäre Geschichte des Issyk Kul, Kirgistan, abgeleitet aus Sedimenten von Oberflächenproben, Aufschlüssen und Tiefwasserkernen",https://gepris.dfg.de/gepris/person/216374398,
388540317,Professor Dr. Uri Abdu,"Ben-Gurion University of the Negev
Department of Life Sciences
1 Ben-Gurion Blvd 40
Beer Sheva 8410501
Israel",Eine kombinierte in vitro und in vivo Untersuchung des Assemblierungsmechanismus von Aktin Bündeln in Borstenzellen von Drosophila .,https://gepris.dfg.de/gepris/person/388540317,
1868998,Professor Dr. Awudu Abdulai,"Christian-Albrechts-Universität zu Kiel
Institut für Ernährungswirtschaft und Verbrauchslehre
Abteilung Ernährungsökonomie
Johanna-Mestorf-Straße 5
24118 Kiel","Driving Forces of Rural Poverty and Distributional Change in Sub-Saharian Africa: The Cases of Burkina Faso, Ghana and Uganda, Land rights, Social capital and investments in sustainable management practices and productivity enhancing inputs in Ghana, Nachfragepräferenzen für Ernteausfallversicherungsprogramme von Kakao-Kleinbauern in Ghana",https://gepris.dfg.de/gepris/person/1868998,
422530151,Dr. Issaka Abdulai,"Georg-August-Universität Göttingen
Department für Nutzpflanzenwissenschaften
Abteilung Tropischer Pflanzenbau und Agrosystem Modellierung
Grisebachstraße 6
37077 Göttingen",Vertiefung des Verständnisses der Wassernutzungsdynamik und Dürrebeständigkeit in der Kakao-Agrarforstwirtschaft durch Verbesserung der Vorhersage von Schattenbaumeffekten,https://gepris.dfg.de/gepris/person/422530151,
202496604,Professor Dr. Ibrahim Abdulhalim,"Ben-Gurion University of the Negev
Faculty of Engineering
Electro-Optics and Photonics Unit
P.O. Box 653
Beer Sheva 81405
Israel",New nano-sculptured thin film structures for biosensing applications,https://gepris.dfg.de/gepris/person/202496604,
1713265,Dr. Ahed Abdulkhaliq,"NGO ""Agricultural Engineers Home Society"" (aufgelöst)
West Bank
Palästina","Improving lamb meat and milk production for fat-tail sheep of the Middle East through breeding, Improving meat and milk production of fat-tail sheep of the Middle East through breeding",https://gepris.dfg.de/gepris/person/1713265,
548289192,"Ruba Al Abdulla, Ph.D.","Universitätsmedizin Greifswald
Institut für Medizinische Biochemie und Molekularbiologie
Ferdinand-Sauerbruch-Straße DZ 7
17489 Greifswald",Entschlüsselung der Verbindung von proteostatischer Kontrolle durch das Ubiquitin-Proteasom-System und der Ferroptose in Lymphozyten,https://gepris.dfg.de/gepris/person/548289192,
114564817,"Salim Abdulla, Ph.D.","Ifakara Health Research & Development Centre (IHRDC)
P.O. Box 78373
Dar es Salaam
Tansania","Infection Biology and Epidemiology of Staphylococci and Staphylococcal Diseases in South and Central Afrika, Infection Biology and Epidemiology of Staphylococci and Staphylococcal Diseases in sub-Saharan Africa",https://gepris.dfg.de/gepris/person/114564817,
1787822,Sadrilla Abdullaev,"Forschungszentrum Jülich GmbH
Institute of Fusion Energy and Nuclear Waste Management (IFN)
Plasmaphysik (IFN-1)
52425 Jülich",Stochastische Magnetfelder mit Struktur: Universelles Verhalten beim chaotischen Transport,https://gepris.dfg.de/gepris/person/1787822,
401540884,Dr. Noorman Abdullah,"National University of Singapore
Faculty of Arts & Social Sciences
Department of Sociology
AS1 No. 03-06, 11 Arts Link
Singapore 117570
Singapur",Asien gestalten: Produktion und Zirkulation des Wissens,https://gepris.dfg.de/gepris/person/401540884,
272759979,Professorin Dr. Zeinab Abdullah,"Rheinische Friedrich-Wilhelms-Universität Bonn
Medizinische Fakultät
Institut für Experimentelle Immunologie
Venusberg Campus 1
53127 Bonn","EXC 2151: ImmunoSensation2 - the immune sensory system, GRK 2168: Myeloide antigenpräsentierende Zellen und Induktion adaptiver Immunität, Erkennung von Nukleinsäuren in der Pathophysiologie der Glomerulonephritis im Zusammenhang mit einer chronischen Virusinfektion, Auswirkungen der Metflammation auf die Funktion der Lebermakrophagen bei der Geweberegeneration, Der Einfluß einer chronischen IFN-Wirkung auf anti-virale Immunantworten im Kontext einer Leberfibrose",https://gepris.dfg.de/gepris/person/272759979,
449804797,Dr. Sahra Abdullahi,"Deutsches Zentrum für Luft- und Raumfahrt (DLR)
Deutsches Fernerkundungsdatenzentrum (DFD)
Abteilung Dynamik der Landoberfläche
Münchener Straße 20
82234 Weßling",Schätzung und Korrektur der eindringinduzierten Höhenabweichung in interferometrischen X-Band SAR Höhenmodellen zur Detektion von Höhen- und Massenänderungen des grönländischen Eisschildes,https://gepris.dfg.de/gepris/person/449804797,
505519249,Professor Dr. Habib Abdulrab,"Institut National des Sciences Appliquées (INSA) Rouen
Avenue de l'Université
76801 Saint-Étienne-du-Rouvray
Frankreich",Erklärbare Qualitätssicherung und Diagnose in Fertigungsprozessen,https://gepris.dfg.de/gepris/person/505519249,
429963913,Professor Dr. Ikuro Abe,"The University of Tokyo
LAB of Natural Products Chemistry
Graduate School of Pharmaceutical Sciences
Hongo, Bunkyo-ku 7-3-1
Tokyo 113-0033
Japan",Kombinatorische Biosynthese pilzlicher Meroterpenoid-Biosynthesewege,https://gepris.dfg.de/gepris/person/429963913,
286985775,Professor Dr. Takuro Abe,"Rikkyo University
Department of Mathematics
3-34-1 Nishi-Ikebukuro Toshima-ku
Tokyo 171-8501
Japan","Neue Werkzeuge aus der kombinatorischen Topologie, Garbentheorie und homologischen Algebra für die Untersuchung von Hyperebenenarrangements und orientierten Matroiden",https://gepris.dfg.de/gepris/person/286985775,
503704774,Raschid Abedin,"Universität Hamburg
Fakultät für Mathematik, Informatik und Naturwissenschaften
Dekanat der Fakultät für Mathematik, Informatik und Naturwissenschaften
Welckerstraße 8
20354 Hamburg",Algebro-geometrische Methoden in der Theorie von Yang-Baxter Gleichungen,https://gepris.dfg.de/gepris/person/503704774,
409549768,"Morteza Abedini, Ph.D.","Universität Duisburg-Essen
Fakultät für Ingenieurwissenschaften
Institut für Produkt Engineering
Lehrstuhl für Werkstofftechnik
Lotharstraße 1
47057 Duisburg",Entwicklung von Methoden zur In-situ- und Echtzeitmessung von durch Kavitation induzierten Oberflächenschäden unter Verwendung elektrochemischer Techniken,https://gepris.dfg.de/gepris/person/409549768,
315904738,Professor Dr. Ziawasch Abedjan,"Technische Universität Berlin
Fakultät IV - Elektrotechnik und Informatik
Data Integration and Data Preparation (D2IP)
Ernst-Reuter-Platz 7
10587 Berlin","TDC 2- Entwickeln von Lenkbaren Datenreinigungsabläufen, NFDI4DS - NFDI für Datenwissenschaften und Künstliche Intelligenz",https://gepris.dfg.de/gepris/person/315904738,
492492884,"Nima Abedpour, Ph.D.","Universitätsklinikum Köln
Department of Translational Genomics
Weyertal 115b
50931 Köln","Tumorprogression und Therapieresistenz in Kopf-Hals-Plattenepithelkarzinomen, Bioinformatik und Datenmanagement",https://gepris.dfg.de/gepris/person/492492884,
18059508,Professor Dr. Alfred Abed-Rabbo,"Bethlehem University
Water and Soil Environmental Research Unit (WSERU)
Postfach P.0. Box 9,
Bethlehem
Palästina",Microbial predators for biocontrol of bacterial pathogens in wastewater,https://gepris.dfg.de/gepris/person/18059508,
1456191,Dr. Annette Abel,"Goethe-Universität Frankfurt am Main
Universitätsklinikum
Klinik für Psychiatrie, Psychosomatik und Psychotherapie
Heinrich-Hoffmann-Straße 10
60528 Frankfurt am Main",Die Identifizierung und Charakterisierung des Krankheitsgens für die autosomal dominant vererbte Spastische Paraplegie mit Kopplung zu Chromosom 14q (SPG3),https://gepris.dfg.de/gepris/person/1456191,
987537,Professor Dr. Bernd Abel,"Universität Leipzig
Institut für Technische Chemie
Linnéstraße 3-4
04103 Leipzig","EISWELTEN: Eisteilchenbeschleuniger mit hochauflösenden Massendetektoren zur Erforschung chemischer Zusammensetzungen und Biosignaturen von Wasserwelten im Weltraum, Investigation of transient structures of photo-induced chemical reactions in solution with ultrafast XUV-photoelectron spectroscopy, Laboratory experiments for the interpretation of mass spectra from water ice particles measured in-situ onboard Cassini and future space missions, Zeitaufgelöste Untersuchung der Kinetik, Intermediate und Mechanismen der Reaktionen zwischen Nanomaterialien und reaktiven Spezies, Dynamik und Spektroskopie chemischer Reaktionen an der Oberfläche von Wasser und Lösungen (SDynG-LI), Ultraschnelle Beobachtung und Synthesekontrolle der elektronischen Eigenschaften von selbst-assemblierten Koordinationsverbindungen als Fluoreszenz-Sonden für sensorische und bildgebende Anwendungen, Untersuchung von Mechanismen organischer Reaktionen in komplexen Umgebungen und begrenzten mikroskopischen Volumina wie Tröpfchen und dünnen Filmen mittels Laserdesorptions- und Ionenmobilitäts-Massenspektrometrie, Anwendung der Inversen Gaschromatographie (IGC) zur Charakterisierung der inneren Oberfläche von funktionalisierten porösen Gläsern und Zeolith-Katalysatoren, Laborexperimente zur Aufklärung von Daten aus vergangenen und zukünftigen Raumfahrt-Missionen mit Hilfe hochausgelöster Massenspektrometrie, Hochleistungs-fs-Lasersystem für die Erzeugung von XUV-Strahlung, GRK 2721: Wasserstoff-Isotope 1,2,3H, GSC 185: Leipziger Schule der Naturwissenschaften - Bauen mit Molekülen und Nanoobjekten (BuildMoNa), Entwicklung und Charakterisierung von selbstorganisierten Containermolekülen für die dynamische Triplett-Kernpolarisation, Zustandsaufgelöste Messungen der Dynamik kleiner Moleküle mit Ultrakurzzeit-Doppelresonanzspektroskopie, Konkurrenz inter- und unimolekularer Prozesse hochangeregter Moleküle, Photodissoziation in verschiedenen Clusterumgebungen, Kinetik und Mechanismen der Aggregation von Amyloid Proteinen, Massenspektroskopische Abbildungen auf der Nanometerskala, Aggregation und Selbstorganisation von Amyloid-Systemen und funktionalisierten Peptiden nahe Interfaces und Oberflächen zur Aufklärung von Mechanismen und Entwicklung funktionaler Materialien, In-situ-Analyse von Eispartikeln im Sonnensystem: Anwendungen, Methoden, Instrumentenentwicklung, Synergistische Photokatalyse mit kurzlebigen Intermediaten in mikrofluidischen Systemen, Nachweis und quantitative Bestimmung der Effizienz von Intermolekularen Coulomb-Zerfällen in Wasser-Clustern, flüssigem Wasser und Eis",https://gepris.dfg.de/gepris/person/987537,
987541,Professor Dr.-Ing. Dirk Abel,"Rheinisch-Westfälische Technische Hochschule Aachen
Fakultät für Maschinenwesen
Institut für Regelungstechnik (IRT)
Campus-Boulevard 30
52074 Aachen","Durchgängiger Entwurf diskreter Steuerungsprogramme mit Unterstützung durch formale Methoden, Intelligentes, integriertes Einzelrad-Antriebs-Brems-Modul für Schienenfahrzeuge (EABM) Integration regelungstechnischer Funktionen, Objektorientierte Modellierung der Kreislauf-Physiologie (PhysioMod), Regelung von Fahrzeugkolonnen mit topologisch veränderlichem Kommunikationsnetzwerk auf der Basis von Energiemethoden, Neues interaktives Entwurfsverfahren für robuste PID-Regelungen von linearen Strecken mit Unsicherheiten der Totzeit und der Parameter, Entwicklung von neuartigen Online-Verfahren zur optimalen Steuerung hybrider Antriebssysteme, Individualisierte Modellierung der Herz-Kreislauf-Physiologie bei Rechts-Herz-Insuffizienz (PathoMod), Reglung eines bedarfsorientierten, lastoptimierten linksventrikulären Assist-Systems zur Etablierung einer zielgerichteten Entwöhnungsstrategie im Sinne eines ""bridge to recovery"" (BeLa-VAD), Regelung zur Reduktion des Reibungswiderstands in subsonischer Strömung, Präzise Rendezvous-Steuerung hochheterogener Luft- und Bodenfahrzeugsysteme, Verbesserung der Dicken- und Breitentoleranz metallischer Bänder durch piezoelektrisch unterstützte Walzspaltregelung eines Tandemwalzwerks, Multiskalenregelung des Niedertemperatur-Brennverfahrens GCAI, SFB 686: Modellbasierte Regelung der homogenisierten Niedertemperatur-Verbrennung, EXC 2023: Internet of Production (IoP), GRK 1298: Algorithmische Synthese reaktiver und diskret-kontinuierlicher Systeme (AlgoSyn), EXC 128: Integrative Produktionstechnik für Hochlohnländer, GRK 1856: Integrierte Energieversorgungsmodule für straßengebundene Elektromobilität, Prozeßtechnische Grundlagen und Systeme zur autonomen Laserbearbeitung, Thixoschmieden, Thixostrangpressen, Einschweißtiefenregelung für das Schweißen mit Laserstrahlung, Nichtlineare modellbasierte Regelung für Verbrennungsprozesse, Modellbasierte Mehrgrößenregelung von Verbrennungsmotoren, Prozessführung und Stabilisierung hochdynamischer Verbrennungsvorgänge in Brennkammern in einem erweiterten Arbeitsbereich, Zentrale Aufgaben des Sonderforschungsbereichs, Modellbasierte prädiktive Kraftregelung für das mehrachsige Schruppfräsen, Datenbasierte nichtlineare Modellierung und Regelung von Bauwerken, ProcessModelling - Prozessorientiertes Reifungsmodell der biohybriden Herzklappe im Bioreaktor, Phasenübergreifende Prozessführungskonzepte beim Spritzgießen unter Nutzung moderner Regelungsstrategien, Regelung der Oberflächeneigenschaften kaltgewalzter Halbzeuge durch Entwicklung eines neuartigen Regelungskonzepts basierend auf Online-Rauheitsmessungen der Bandoberfläche",https://gepris.dfg.de/gepris/person/987541,
431080968,"Professor E. Dale Abel, Ph.D.","University of Iowa
Carver College of Medicine
451 Newton Road
Iowa City IA 52242
USA","Identification of underlying mechanisms by which increased fatty acid utilization impairs mitochondrial functionin the heart, Identifizierung von Mechanismen, durch die Insulin Rezeptor Substrate (IRS) den Stoffwechsel und das Überleben von Kardiomyozyten regulieren, Die Fettgewebe-ATGL reguliert den kardialen Energiestoffwechsel bei Herzinsuffizienz",https://gepris.dfg.de/gepris/person/431080968,
1781632,Dr. Gottfried A. Abel,Es liegt keine aktuelle Dienstanschrift vor.,Identifizierung von Zielgenen des nukleären Orphanrezeptors Nor1 im fötalen ZNS,https://gepris.dfg.de/gepris/person/1781632,
987509,Professor Dr. Günter Abel,"Technische Universität Berlin
Institut für Philosophie, Literatur-, Wissenschafts- und Technikgeschichte
Straße des 17. Juni 135
10623 Berlin","Karl Wilhelm Ferdinand Solger: Ausgewählte Werke mit biographischer Einleitung, erläuternden Erklärungen und wissenschaftlichem Kommentar",https://gepris.dfg.de/gepris/person/987509,
987493,Professor Dr. Hansjörg Abel,"Georg-August-Universität Göttingen
Department Nutztierwissenschaften
Tierernährungsphysiologie
Lehrstuhl für Tierernährungslehre
Kellnerweg 6
37077 Göttingen","Biotinumsetzung im Verdauungstrakt von Wiederkäuern, Einflüsse von Nicht-Stärke.Polysacchariden (NSP) des Futters auf die Auswirkungen von experimentellen Ascaridia galli und Heterakis gallinarum Infektionen beim Haushuhn (Gallus gallus domesticus), Untersuchungen zum ruminalen Umsatz und zur Versorgung von Milchkühen mit B-Vitaminen",https://gepris.dfg.de/gepris/person/987493,
445289876,Dr. Johanna Abel,Es liegt keine aktuelle Dienstanschrift vor.,Kulturen des Wunders. Prozessionstheater und Bilderkult als globale Vernetzungsphänomene der Frühen Neuzeit,https://gepris.dfg.de/gepris/person/445289876,
987507,Professor Dr. Josef Abel,"Leibniz-Institut für umweltmedizinische Forschung
an der Heinrich-Heine-Universität Düsseldorf
Arbeitsbereich Molekulare Toxikologie (aufgelöst)
Auf'm Hennekamp 50
40225 Düsseldorf","Regulatory Protein T-Lymphocyte-1 (rpt-1): toxikologische Bedeutung und Regulation durch Fremdstoffe, GRK 738: Molecular Mechanisms in Food Toxicology, GRK 1427: Nahrungsinhaltsstoffe als Signalgeber nukleärer Rezeptoren im Darm, Interaktion von Cytokinen und Wachstumsfaktoren mit dem fremdstoffmetabolisierenden Enzymsystem, Modulation der Prostaglandin H Synthase-2 Expression durch Fremdstoffe: Bedeutung für die tumorpromovierende Wirkung von TXDD, Die Rolle des AhR-Signalweges in der UVB-induzierten Signaltransduktion, Die Bedeutung des AhR-Signalweges bei der UV-induzierten Hautalterung",https://gepris.dfg.de/gepris/person/987507,
504849264,Dr. Ken Luca Abel,"Universität Leipzig
Institut für Technische Chemie
Linnéstraße 3-4
04103 Leipzig",Selektive C1-Verlängerung von Methanol und Ethanol mit H2 und CO2 in der Gasphase durch Anpassung von aktiven Zentren immobilisiert in metallorganischen Gerüstverbindungen vom UiO-66-Typ,https://gepris.dfg.de/gepris/person/504849264,
255988531,Professorin Dr. Magdalena Abel,"Technische Universität Nürnberg
Department Liberal Arts and Social Sciences
Professur für Kognitive Psychologie
Dr.-Luise-Herzberg-Straße 4
90461 Nürnberg","Wie gemeinsames Erinnern das Gedächtnis beeinflusst, Gerichtetes Vergessen nach kurzen und langen Behaltensintervallen: Ein Test nichtinhibitorischer Erklärungsmodelle",https://gepris.dfg.de/gepris/person/255988531,
1775167,Privatdozent Dr. Markus Abel,"Universität Potsdam
Institut für Physik und Astronomie
Karl-Liebknecht-Straße 24-25
14476 Potsdam","Entwicklung eines Wandmodells für die Large-Eddy Simulation auf der Basis nichtlinearer DNS-Datenanalyse, Patterns in chaotically mixing fluid flows",https://gepris.dfg.de/gepris/person/1775167,
1859634,Privatdozentin Dr. Stefanie Abel,"Universitätsklinikum Aachen, AöR
Neurologische Klinik
Lehr- und Forschungsgebiet Neuropsychologie
Pauwelsstraße 30
52074 Aachen",Modellorientierte Behandlung von Wortproduktionsstörungen bei Aphasie,https://gepris.dfg.de/gepris/person/1859634,
28586512,Professor Dr. Steffen Abel,"Leibniz Institut für Pflanzenbiochemie
Abteilung Molekulare Signalverarbeitung
Weinberg 3
06120 Halle","TERRAPHOS - Evolution pflanzlicher Anpassung an terrestrische Phosphatverfügbarkeit, Untersuchung der biochemischen Grundlagen der Wirkungsweise von ABERRANT LATERAL ROOT FORMATION4, einem mutmaßlichen Ubiquitylierungstuner, GRK 2498: Kommunikation und Dynamik pflanzlicher Zellkompartimente, GRK 1026: Konformationsumwandlungen bei makromolekularen Interaktionen, Auswirkungen natürlicher LPR1-Proteoformen auf Fe-abhängiges Phosphatsensin, Funktionelle Charakterisierung von Arabidopsis IQD1",https://gepris.dfg.de/gepris/person/28586512,
166570916,"Professor Ted Abel, Ph.D.","The University of Iowa
Carver College of Medicine
Iowa Neuroscience Institute
169 Newton Road
Iowa City IA 52242
USA",GRK 1328: Gehirn und Verhalten: Neurobiologische Grundlagen von Emotion und sozialer Kognition bei Schizophrenie und Autismus,https://gepris.dfg.de/gepris/person/166570916,
447910572,Dr. Andreas Abele,"Eberhard Karls Universität Tübingen
Philosophische Fakultät
Philologisches Seminar
Wilhelmstraße 36
72074 Tübingen","‚Reading Symmachus’ Letter Collection by the Book’. Literarästhetische, narratologische und historische Studien zur Briefsammlung des Symmachus",https://gepris.dfg.de/gepris/person/447910572,
1645342,Privatdozentin Dr. Doris Abele (†),,"Quellen, Aufnahmewege und physiologische Nutzung von mycosporin-ähnlichen Aminosäuren (MAAs) aus phototrophen Organismen in marinen Evertebraten der Polarmeere, Adaption and stress defence in intertidal and subtidal Antarctic limpets (Nacella concinna): A Study of the plasticity of molecular and biochemical stress response in Antarctic invertebrates, Is metabolic rate depression (MRD) a life prolonging strategy in long-lived Arctica islandica on a latitudinal climate gradient? Environmental constraints and evolutionary adaptation in the Ocean quahog, Fe and Mn in Antarctic bivales: Indicators of change in near-shore biogeochemistry?, Untersuchungen zum Einfluss von UV-Strahlung auf das System arktischer Daphnien/Futteralgen in Bezug auf Reproduktion, Schutzmechanismen, Überleben und UV-Toleranz unter Labor- und natürlichen Bedingungen",https://gepris.dfg.de/gepris/person/1645342,
1723144,Professor Dr.-Ing. Eberhard Abele,Es liegt keine aktuelle Dienstanschrift vor.,"Untersuchungen zum Schnittkraftabfall als Kriterium für HSC-Bedingungen beim Hochgeschwindigkeitsfräsen von verschiedenen Werkstoffen mit unterschiedlichen Werkzeugkontaktverhältnissen, Ganzheitliche Entwicklung von verschleißbeständigen PVD-Trockenschmierstoffschichten für die spanende Trockenbearbeitung, Das Verschleißverhalten von polykristallinem Diamant bei der Zerspanung von eisenhaltigen Werkstoffen unter dem Einsatz von gas- und fluidbasierten Kühlungssystemen, NURBS-basierte Bahngenerierung für Fräsprogramme zur Hochgeschwindigkeitsbearbeitung von Freiformflächen, Optimierte Wertschöpfungsnetzwerke durch Kompetenzprofilanalysen und -entwicklung auf Produkt- und Unternehmensebene, Theoretische und experimentelle Untersuchung der Steifigkeits- und Dämpfungseigenschaften statischer mechanischer Schnittstellen für rekonfigurierbare Werkzeugmaschinen, Adaptronischer - Präzisions- Werkstückhalter für die Erhöhung der statischen und dynamischen Prozessgenauigkeiten zur universellen aktiven Kompensation von Bearbeitungsfehlern an vertikalen Bearbeitungszentren, Adaptronische, hybridgelagerte Motorspindel zur prozessicheren und ratterfreien HPC-Fräsbearbeitung, Standzeiterhöhung beim Hochgeschwindigkeitsfräsen gehärteter Werkzeugstähle durch modellgestützte Anpassung von Minimalmengenschmiertechnik, Dreipunktwechselrichter als aktive Filter bei der Speisung schnelldrehender Synchron-Hauptspindelantriebe für Werkzeugmaschinen, Steigern der Bohrungsqualität beim Hochgeschwindigkeitsbohren durch einen ganzheitlichen Ansatz zum Berücksichtigen des dynamischen Verhalten von Vollhartmetallbohrern, Innovative Steuerung und Programmierung von Industrierobotern zur Steigerung der Bauteilequalität, Das Verschleißverhalten von polykristallinem Diamant bei der Zerspanung von eisenhaltigen Wrkstoffen unter dem Einsatz von gas- und fluidbasierten Kühlungssystemen, Prozessmodell, Parameteridentifikation, experimentelle Verifikation und Kompensation der Abdrängung, Optimierung der Werkszeugwechselstrategie in der spanenden Fertigung unter Berücksichtigung der Linienverfügbarkeit, Werkzeug-, Rüstkosten., Entwicklung eines Instruments zur simulationsgestützten Integration des Energie- und Ressourcenverbrauchs in die Auswahl alternativer Prozessketten in der Arbeitsvorbereitung, Entwicklung einer Methodik zur spezifischen Auswahl von Abwehrmaßnahmen unter Zuhilfenahme einer Produktpiraterie-Risikotypologie, Methode für systematisierte Zielbildungsprozesse in proaktiven, mitarbeitergetriebenen Verbesserungsprozessen in der Produktion, Lernkonzepte für eine wandlungsfähige Produktion, Untersuchung von Torsionsratterschwingungen bei Tiefbohrprozessen mit überlangen Spiralbohrern, Messdatenbasiertes Entgraten von Querbohrungen mit Industrierobotern unter Berücksichtigung optimaler Bahnplanungsalgorithmen, Kryogene Kühlung für die Gussbearbeitung mit PKD-Schneidstoffen, Energieverbrauchsbeeinflussung auf Komponentenebene, Entwicklung eines ganzheitlichen Lösungsansatzes zur Steigerung der Bohrungsqualität beim Hochgeschwindigkeitsreiben unter besonderer Berücksichtigung niederfrequenter Pendelschwingungen, Operationalisierung von Know-how-Schutzstrategien durch lückenlose Produktdatenverfolgungs-Technologien, Verfahren- und Werkzeugentwicklung zum Entgraten von Kreuzbohrungen, Modellierung und additive Fertigung poröser Elektroden für neuartige Hochtemperatur-PEM-Brennstoffzellen, Ganzheitliche Beurteilung der kryogenen Titanzerspanung mittels Kohlenstoffdioxidkühlung, Experimentelle und numerische Untersuchung niederfrequenter Lateralschwingungen beim Bohren unter Berücksichtigung des Führungsfasenkontakts, Entwicklung eines Kombinationswerkzeugs zum Bohren und Entgraten von Kreuzbohrungen und komplexen Bohrungsaustritten, CNC-Drehmaschine mit Y-Achse und angetriebenen Werkzeugen für die Komplettbearbeitung, Mikro Selektive Laserschmelz Anlage, TFB 55: Umweltgerechte Produkte durch optimierte Prozesse, Methoden und Instrumente in der Produktentwicklung, EXC 259: Intelligente Grenzflächen: Verständnis und Gestaltung von Strömungsberandungen, Technische, wirtschaftliche und ökologische Beurteilung von trennenden, fügenden und beschichtenden Fertigungsverfahren, Methoden und rechnergestützte Instrumente zum Analysieren und ganzheitlichen Beurteilen von Prozessen, Life Cycle Design in der industriellen Entwicklungspraxis, Life Cycle Design auf Basis von Standardsoftwaresystemen, Zentrale Aufgaben, EuP-Implementierung, HSC - Bandkantenbearbeitung in der Rohr- und Pipelineindustrie, Unsicherheitsbeherrschung bei der Bohrungsfeinbearbeitung von Ventilführungen, Spanende Bearbeitung am Coilmaterial durch Hochgeschwindigkeitsbearbeitung, Herstellung verzweigter Bauteile durch integrierte Umform-, Zerspan- und Fügeoperationen, HSC-Frässtrategien für die Bearbeitung von Schienenoberbaumaterial in der Gleisbauindustrie, Zerspanen - Produktionsfamilien bei gleicher Qualität, Beherrschung von Unsicherheit in verketteten Bearbeitungsprozessen am Beispiel eines Powertrain-Bauteils, Dynamikmodellierung, Parameteridentifikation und optimale Roboterbahnplanung zur Kompensation der Abdrängung, Untersuchung der thermodynamischen und hydrodynamischen Vorgänge während des Lasersinters der Metallpulver, SPP 1480: Modellierung, Simulation und Kompensation von thermischen Bearbeitungseinflüssen für komplexe Zerspanprozesse, Strukturintegration von Kraftsensorik mittels selektiven Laserschmelzens (AddKraft)",https://gepris.dfg.de/gepris/person/1723144,
1666716,Professor Dr. Hartmut Abele,"Technische Universität Wien
Atominstitut
Stadionallee 2/141
1020 Wien
Österreich","The dynamics of a quantum wave packet of a neutron bouncing under the influence of gravity - Newton's law and the question of extra dimensions of space-time, Test of Gravitation with Quantum Objects by an Application of Ramsey´s Method of separated Oscillating Fields to Gravitationally Induced Quantum Phaseshifts, Electron and Proton spectroscopy for PERC, GRK 36: Experimentelle Methoden der Kern- und Elementarteilchenphysik, Defining polarised neutron beams in high-precision experiments with PERC",https://gepris.dfg.de/gepris/person/1666716,
1786688,Privatdozent Dr. Rupert Abele,"Goethe-Universität Frankfurt am Main
Fachbereich Biochemie, Chemie und Pharmazie
Institut für Biochemie
Max-von-Laue-Straße 9
60438 Frankfurt am Main","Structural insights into substrate binding to the ABC transport complex TAP, Function of the Transport Complex TAP, Funktion und Mechanismus des lysosomalen Polypeptidtransporters ABCB9",https://gepris.dfg.de/gepris/person/1786688,
163230722,Professor Dr. Stephan Abele,"Technische Universität Dresden
Institut für Berufspädagogik und Berufliche Didaktiken
Weberplatz 5
01217 Dresden","Hypothesen beim diagnostischen Problemlösen in technischen Domänen: Mentale Grundlage, Prozess und Ergebnis",https://gepris.dfg.de/gepris/person/163230722,
987517,Professorin Dr. Andrea Abele-Brehm,"Friedrich-Alexander-Universität Erlangen-Nürnberg
Department Psychologie und Sportwissenschaften
Lehrstuhl Sozialpsychologie
Nägelsbachstraße 49b
91052 Erlangen","Berufliche Laufbahnentwicklung junger Akademikerinnen und Akademiker, Lebenszufriedenheit und Berufserfolg, Agency und Communion aus der Akteurs- vs. Beobachtungsperspektive, Zur Theorie dimensionaler Vergleiche und ihrer Erweiterung auf die 'Big Two', Agency und Communion",https://gepris.dfg.de/gepris/person/987517,
32602802,Professor Dr. Moshe Abeles,"Bar-Ilan University
Gonda Brain Research Center
Ramat Gan 5290002
Israel",Komposition neuronaler Prozesse als Grundlage komplexen Verhaltens,https://gepris.dfg.de/gepris/person/32602802,
405813515,Dr. Antonio Abellan,"Centre de recherche sur l'environnement alpin (CREALP)
Rue de l'industrie 45
1950 Sion
Schweiz",Hochauflösende photogrammetrische Methoden zur genesteten Parametrisierung und Validierung eines physikalisch-basierten Bodenerosionsmodells,https://gepris.dfg.de/gepris/person/405813515,
334649175,Dr. Gonzalo Abellán,"Universidad de Valencia
Instituto de Ciencia Molecular (ICMol)
Catedrático José Beltrán Martinez 2
46980 Paterna
Spanien",Vorbereitung und Charakterisierung von einzelnen/wenigen Lagen von Antimon und Germanium,https://gepris.dfg.de/gepris/person/334649175,
530447214,Dr. Patricia Abellan,"Université de Nantes
Institut des Matériaux Jean Rouxel (IMN)
2 rue de la Houssinière
44322 Nantes
Frankreich",Intensivierte Process-Kopplungsreaktion mit Abtrennung unter Verwendung von Enzym-funktionalisierten Membranen zur Gewinnung von Biomolekülen aus Mikroalgen,https://gepris.dfg.de/gepris/person/530447214,
1551667,Dr. Andrea Abelmann,"Alfred-Wegener-Institut
Helmholtz-Zentrum für Polar- und Meeresforschung
Am Handelshafen 12
27570 Bremerhaven","The significance of radiolarian isotopic signals for paleoceanographic reconstructions, Glazial/interglaziale Variabilität der Wassermassenstruktur und der biologischen Produktion im pazifischen Sektor des Südozeans, Erfassung von Mechanismen mit Einfluss auf den Atmosphären-Ozean CO2-Gasaustausch, Synthese von Klima- und biogeochemischer Modellierung mit Paläoproxy-Rekonstruktionen, Biogene Opalisotope - neue Proxies zur Untersuchung vergangener Nährstoffkreisläufe und hydrographischer Strukturen im Südpazifik in Beziehung zu der Entwicklung des Klimas und der antarktischen Kryosphäre",https://gepris.dfg.de/gepris/person/1551667,
469939269,Dr. Markus Abeln,"Medizinische Hochschule Hannover
Institut für Klinische Biochemie
Carl-Neuberg-Straße 1
30625 Hannover",Rolle der Sialoglykane für die Embryonalentwicklung,https://gepris.dfg.de/gepris/person/469939269,
53428357,Professorin Dr. Birgit Abels,"Georg-August-Universität Göttingen
Philosophische Fakultät
Musikwissenschaftliches Seminar
Heinrich Dürker Weg 14
37073 Göttingen","Moving Music. Meaning, Space, Musical Transformation, Materialität, Wissensordnung, Institution. Die Eigenästhetik des Klangarchivs",https://gepris.dfg.de/gepris/person/53428357,
1848791,Professorin Dr. Gabriele Abels,"Eberhard Karls Universität Tübingen
Wirtschafts- und Sozialwissenschaftliche Fakultät
Institut für Politikwissenschaft
Melanchthonstraße 36
72074 Tübingen",Transformation gewaltzentrierter Männlichkeiten nach bewaffneten Konflikten,https://gepris.dfg.de/gepris/person/1848791,
1865345,Professor Dr. Helmut Abels,"Universität Regensburg
Fakultät für Mathematik
Lehrstuhl für Mathematik
93040 Regensburg","Sharp interface limits for diffuse interface models for two-phase flows of viscous incompressible fluids, GRK 2339: IntComSin: Grenzflächen, komplexe Strukturen und singuläre Grenzwerte in der Kontinuumsmechanik - Analysis und Numerik, GRK 1692: Curvature, Cycles, and Cohomology",https://gepris.dfg.de/gepris/person/1865345,
987531,Professor Dr. Herbert Abels,"Universität Bielefeld
Fakultät für Mathematik
Postfach 100131
33501 Bielefeld","Dynamik und Geometrie linearer algebraischer Gruppen, Diophantische Ungleichungen, Gruppen und Gitter",https://gepris.dfg.de/gepris/person/987531,
504639067,Dr. Joscha Abels,"Eberhard Karls Universität Tübingen
Wirtschafts- und Sozialwissenschaftliche Fakultät
Institut für Politikwissenschaft
Melanchthonstraße 36
72074 Tübingen",Infrastrukturen der Globalisierung. Strategien der EU im globalen Wettbewerb um wirtschaftliche Expansion und geoökonomische Kontrolle.,https://gepris.dfg.de/gepris/person/504639067,
1853006,Dr. Monika Abels,Es liegt keine aktuelle Dienstanschrift vor.,"Development of joint attention and declarative pointing in rural and urban Gujarati, Indian and Euro-American toddlers",https://gepris.dfg.de/gepris/person/1853006,
987550,Professor Dr. Werner Abelshauser,"Universität Bielefeld
Fakultät für Geschichtswissenschaft, Philosophie und Theologie
Arbeitsbereich Wirtschaftsgeschichte
Postfach 100131
33501 Bielefeld","GRK 150: Sozialgeschichte von Gruppen, Schichten, Klassen und Eliten, GRK 1049: Archiv, Macht, Wissen - Organisieren, Kontrollieren, Zerstören von Wissensbeständen von der Antike bis zur Gegenwart, GRK 724: Auf dem Weg in die Wissensgesellschaft: Wissenschaft in Anwendungs- und Beratungskontexten, GRK 844: Weltgesellschaft - Die Herstellung und Repräsentation von Globalität",https://gepris.dfg.de/gepris/person/987550,
511876856,Professorin Dr. Julia Abelson,"McMaster University
Centre for Health Economics and Policy Analysis (CHEPA)
1280 Main Street West
Hamilton ON L8S 4K1
Kanada",Entwicklung und Pilotierung eines modularen Evaluationsinstruments für Bürger:innen- und Patient:innenbeteiligung in der Versorgungsforschung: eine mixed-methods Studie,https://gepris.dfg.de/gepris/person/511876856,
243093989,Professorin Dr. Anja-Kristin Abendroth,"Universität Bielefeld
Fakultät für Soziologie
Arbeitsbereich 5: Sozialstruktur und soziale Ungleichheit
Universitätsstraße 25
33615 Bielefeld","Organisationale Ungleichheiten und Wechselwirkungen zwischen Verwirklichungschancen im Berufs- und Privatleben: Eine Untersuchung von Beschäftigten in unterschiedlichen Arbeitsorganisationen, Flexibilität in digitalisierten Arbeitswelten: Die Nutzung und Auswirkungen von Teleheimarbeit und digitaler Arbeitskommunikation im europäischen Ländervergleich",https://gepris.dfg.de/gepris/person/243093989,
405975409,Dr.-Ing. Bettina Abendroth,"Technische Universität Darmstadt
Fachbereich Maschinenbau
Institut für Arbeitswissenschaft
Otto-Berndt -Straße 2
64287 Darmstadt",Teilprojekt 2: Externe Interaktion Modellierung der externen Interaktion mit nicht-automatisierten Akteuren im Straßenverkehr unter dem Einfluss von Migration der Fahrzeugautomatisierung,https://gepris.dfg.de/gepris/person/405975409,
421981596,Dr. Frank Abendroth,"Philipps-Universität Marburg
Fachbereich 15: Chemie
Chemische Biologie
Hans-Meerwein-Straße
35043 Marburg",Protein-PNA Konjugate als konditionelle BRET Plattform für Lebendzell mRNA Imaging und Quantifizierung,https://gepris.dfg.de/gepris/person/421981596,
184388227,Dr.-Ing. Martin Abendroth,"Technische Universität Bergakademie Freiberg
Institut für Mechanik und Fluiddynamik
Lampadiusstraße 4
09599 Freiberg","Modellierung und Bewertung des thermomechanischen Verhaltens von Filterwerkstoffen und Filterstrukturen, Bestimmung der temperaturabhängigen bruch- und schädigungsmechanischen Eigenschaften keramischer Filterwerkstoffe aus Kleinstproben",https://gepris.dfg.de/gepris/person/184388227,
282252469,Professorin Dr. Simone Abendschön,"Justus-Liebig-Universität Gießen
Fachbereich 3 - Sozial- und Kulturwissenschaften
Institut für Politikwissenschaft
Karl-Glöckner-Straße 21 E
35394 Gießen",Demokratie Leben Lernen 2.0 – Politische Sozialisation zu Beginn der Sekundarstufe I,https://gepris.dfg.de/gepris/person/282252469,
551586905,"Temesgen Abera, Ph.D.","Philipps-Universität Marburg
Fachbereich 19: Geographie
Fachgebiet Umweltinformatik
Deutschhausstraße 12
35037 Marburg","Rückkopplungen zwischen Vegetation und Mikroklima im Kontext von Waldstörungen, Bewirtschaftung und Klimawandel im östlichen afromontanen Biodiversitätshotspot: Auswirkungen auf klimatische Mikrorefugien und Artenverbreitung in Afrika",https://gepris.dfg.de/gepris/person/551586905,
432963463,Professorin Dr. Rachel Abercrombie,"Boston University
Department of Earth and Environment
685 Commonwealth Avenue
Boston MA 02215
USA",Bestimmung der Heterogenität von geophysikalischen Eigenschaften und Spannungszustand einer Megathrustverwerfung anhand von Variationen des dynamischen Spannungabfalls: Eine Machbarkeitsstudie in der Nordchilenischen Subduktionszone,https://gepris.dfg.de/gepris/person/432963463,
1580294,Privatdozent Dr. Martin Aberhan,"Museum für Naturkunde
Leibniz-Institut für Evolutions- und Biodiversitätsforschung (MfN)
Invalidenstraße 43
10115 Berlin","Taxonomie jurassischer Bivalven aus Chile und Mexiko, Intrinsic and environmental controls of evolutionary rates in Triassic to Palaeogene marine bivalves, Entwicklung benthischer, mariner Faunen SW-Europas unter klimatischem Stress während des Unteren Jura (Pliensbach-Toarc) (EvoBiv), Die Rolle der thermischen Nischen von Arten während Zeiten globaler Klimaveränderungen in der Erdvergangenheit (ThermNiche), GRK 503: Evolutive Transformationen und Faunenschnitte, Stratigraphie, Faziesentwicklung sowie Invertebraten- und Mikropaläontologie der Tendaguru-Formation (Oberjura und Unterkreide von Tansania, Ostafrika), Die Kreide-Tertiär-Grenze in Patagonien - Paläontologische und sedimentologische Muster im globalen Vergleich, Nachweis und Charakterisierung der Metamorphose bei Paläozoischen temnospondylen Amphibien, Evolution der tropischen marinen Biodiversität: vergleichende Analyse der triassischen Fauna der Cassian Formation mit modernen Faunen, Größenreduktion während hyperthermaler Ereignisse: frühe Warnsignale von Umweltbelastungen oder Anzeichen von Aussterben? (EarlyWarn)",https://gepris.dfg.de/gepris/person/1580294,
1609575,Professor Dr. Hermann Aberle,"Heinrich-Heine-Universität Düsseldorf
Department Biologie
Institut für Funktionelle Zellmorphologie
Universitätsstraße 1
40225 Düsseldorf","Bildung, Aufrechterhaltung und strukturelle Veränderung von Synapsen, Analyse axonaler Lenkungsmechanismen in Drosophila, Identifizierung und Evaluation neuer Gene zur Förderung der axonalen Regeneration, Hochauflösendes Fluoreszenzmikroskop, Regulation der Struktur und des Wachstums von Synapsen",https://gepris.dfg.de/gepris/person/1609575,
1739130,Professor Dr.-Ing. Jochen Aberle,"Technische Universität Braunschweig
Leichtweiß-Institut für Wasserbau
Beethovenstraße 51a
38106 Braunschweig","Floodplain flows: Interaction Flow - Vegetation, Ein kalibriertes und virtuelles Mehrskalen-Wellenmesslabor zur Verbesserung und Ergänzung von Strömungsmessungen: Von der Grundlagenforschung bis zur industriellen Anwendung",https://gepris.dfg.de/gepris/person/1739130,
1869407,Professorin Dr. Nicole Aberle-Malzahn,"Universität Hamburg
Institut für marine Ökosystem- und Fischereiwissenschaften
Abteilung Planktonökologie
Olbersweg 24
22767 Hamburg","Untersuchungen Meereskunde, Trophische Interaktionen, Experimentelle Ökologie, Pelagische Ökosysteme, Der Einfluss von Nährstofflimitationen auf Primär- und Sekundärkonsumenten und die Weitergabe dieses Limitationssignals an höhere trophische Ebenen, GRK 2530: Rolle von Biota im Kohlenstoffkreislauf von Ästuaren",https://gepris.dfg.de/gepris/person/1869407,
504151013,Privatdozent Dr. Claas Abert,"Universität Wien
Fakultät für Physik
Physik Funktioneller Materialien
Boltzmanngasse 5
A-1090 Wien
Österreich","Programmierbare integrierte magneto-phononische Schaltkreise, Physik-informierte Tomographie von chiralen Nanomagneten",https://gepris.dfg.de/gepris/person/504151013,
319144611,Professor Dr.-Ing. Jakob Abeßer,"Otto-Friedrich-Universität Bamberg
Fakultät Wirtschaftsinformatik und Angewandte Informatik
Professur für Computational Humanities
An der Weberei 5
96047 Bamberg",Informierte Klangquellenerkennung in Musik- und Audiosignalen,https://gepris.dfg.de/gepris/person/319144611,
1607893,Professor Dr. Volker Abetz,"Universität Hamburg
Fachbereich Chemie
Institut für Physikalische Chemie
Grindelallee 117
20146 Hamburg","SONS - COMPLEXITY ACROSS LENGTHSCALES IN SOFT MATTER, Einfluss der Verhinderung der Kollagen-Degradation durch MMPs auf den Dentin-Klebeverbund, GRK 2536: Hybridstrukturen auf der Nanometerskala: Chemische Konzepte zur Herstellung heterogener Nanostrukturen mit anisotropen Materialeigenschaften (NANOHYBRID), Übergitter in Blockcopolymeren, Copolymere und Linker als Bausteine für hierarchische Materialien, Oberflächendifferenzierte Mikroemulsionen auf der Basis von amphiphilen ABC-Blockcopolyelektrolyten",https://gepris.dfg.de/gepris/person/1607893,
1907119,Professor Dr. Remi Abgrall,"Universität Zürich
Institut für Mathematik
Winterthurer Straße 190
8057 Zürich
Schweiz","Entwicklung von Navier-Stokes-Lösern auf hybriden Gittern, Homogenized systems for liquid-vapour transition in unsteady compressible two-phase flow, Wirbelstärke-erhaltende Finite-Elemente-Methode für kompressible Euler-Gleichungen auf unstrukturierten Gittern, Dissipation und Entropie-Produktion numerischer Verfahren hoher Ordnung für hyperbolische Erhaltungsgleichungen",https://gepris.dfg.de/gepris/person/1907119,
1697602,Privatdozentin Dr. Angela Abicht,"Klinikum der Universität München
Campus Innenstadt
Friedrich Baur-Institut
Ziemssenstraße 1
80336 München","Molekulare und klinische Charakterisierung kongenitaler myasthener Syndrome (CMS), Novel insights into the pathomechanisms of congenital myasthenic syndromes (CMS), Neue Einblicke in den Pathomechanismus des mitochondrialen DNA Depletionssyndroms",https://gepris.dfg.de/gepris/person/1697602,
987548,Professor Dr. Hans-Peter Abicht,"Martin-Luther-Universität Halle-Wittenberg
Institut für Chemie - Anorganische Chemie
Kurt-Mothes-Straße 2
06120 Halle","Die Herstellung und Charakterisierung von Eigenschaftsgradienten in keramischen Materialien auf der Basis von Bariumtitanat, Entwicklung keramischer Materialien mit definiertem Gradienten der elektromechanischen Eigenschaften, Synthesen und physikalisch-chemische Eigenschaften von ionischen Mischphasen des Systems Ba(Ti,Sn)O3, GRK 415: Defektbestimmte physikalische Eigenschaften, Grenzflächenbestimmte, core-shell-strukturierte BaTiO3-Precursoren - Herstellung, Charakterisierung und Andwendung, Synthesen und physikalisch-chemische Eigenschaften von ionischen Mischphasen des Systems BaTi(OxNy)3",https://gepris.dfg.de/gepris/person/987548,
223983655,Dr. Jan-Michael Abicht,"Klinikum der Universität München
Campus Großhadern
Klinik für Anaesthesiologie
Marchioninistraße 15
81377 München","Kardiale Xenotransplantation, die letzten Schritte zur klinischen Anwendung",https://gepris.dfg.de/gepris/person/223983655,
1410584,Professor Dr.-Ing. Walter Abicht (†),,Verifizierung eines auf synthetisierten Einstrahlungswerten basierenden Simulationsprogrammes für Solarschiffe anhand von gemessenen Einstrahlungswerten,https://gepris.dfg.de/gepris/person/1410584,
1904681,Dr. Malek Abid,"Aix-Marseille Université
Institut de Recherche sur les
Phénomènes Hors Equilibre (IRPHE)
CNRS UMR 138, UMR 6594
49, rue Joliot Curie
13384 Marseille Cedex 13
Frankreich",Numerische Methoden für schwach kompressible reagierende Strömungen mit mehreren Skalen,https://gepris.dfg.de/gepris/person/1904681,
190381329,Ummikalsom Abidin,"Albert-Ludwigs-Universität Freiburg
Institut für Mikrosystemtechnik (IMTEK)
Georges-Köhler-Allee 103
79110 Freiburg","CISM-Kurs ""Computational Fluid-Structure Interaction, International Centre for Mechanical Sciences"" (06.-10.09.10 in Udine/Italien)",https://gepris.dfg.de/gepris/person/190381329,
987535,Professor Dr. Hinrich Abken,"Leibniz-Institut für Immuntherapie
Abteilung für Gen-Immuntherapie
Franz-Josef-Strauß-Allee 11
93053 Regensburg","Herstellung und Charakterisierung von anti-MUC1-scFv-Interleukin-2 Antikörper-Zytokin-Fusionsproteinen für die Immuntherapie zur Aufhebung der MUC1-induzierten, lokalen zellulären Immunsuppression durch MUC1-positive Karzinome, Immunologische Charakterisierung CD7-negativer T-Zellen, Adoptive Immuntherapie mit rekombinanten Rezeptoren: Evaluierung in einem präklinischen Maus-Modell, Antigen driven cooperation of two single-chain receptors (immunoreceptors) to recognize defined antigen patterns by engineered T cells, Mechanismen der onkogenen Kooperation von TCL 1 mit T-Zell Rezeptor vermittelter Signalübertragung in der T-PLL, Hodgkin Lymphom spezifische T-Zell-Aktivierung mit Hilfe chimärer Rezeptoren",https://gepris.dfg.de/gepris/person/987535,
216340795,Professorin Dr. Andrea Ablasser,"École Polytechnique Fédérale de Lausanne
EPFL-SV-GHI
Station 19
CH-1015 Lausanne
Schweiz",EXC 1023: ImmunoSensation: Das immunsensorische System,https://gepris.dfg.de/gepris/person/216340795,
1616425,Dr. Muhamed Bilal Aboalchamat,"Universitätsklinikum Hamburg-Eppendorf
Klinik und Poliklinik für Augenheilkunde
Martinistraße 52
20251 Hamburg",Untersuchung der Alterungsprozesse und physiologischer Eigenschaften humaner kornealer Endothelzellen,https://gepris.dfg.de/gepris/person/1616425,
566968036,Professor Dr. Hassan Abolhassani,"University of Tehran
16th Azar Street
Tehran 1417935840
Iran",Spezialisierte mRNA Translation ist ein Bestandteil der menschlichen T Zell Immunität,https://gepris.dfg.de/gepris/person/566968036,
275495206,Professorin Randa Aboubakr,"Cairo University
PO Box 12613
Cairo
Ägypten",Kairener Graffiti als Spiegel politischer und gesellschaftlicher Umbrüche: Eine Untersuchung ikonographischer Dynamiken und Selbstverortungen junger Künstler_innen (seit 2011),https://gepris.dfg.de/gepris/person/275495206,
440186915,Professor Tarik Abou-Chadi,"University of Oxford
Nuffield College
New Road
Oxford OX1 1NF
Großbritannien",Issue Voting über den Konjunkturzyklus,https://gepris.dfg.de/gepris/person/440186915,
92402938,Dr. Wafa Abouchami,"Max-Planck-Institut für Chemie (Otto-Hahn-Institut)
Hahn-Meitner-Weg 1
55128 Mainz",The lead isotope composition of the Earth´s mantle from double-spike analysis of abyssal peridotites,https://gepris.dfg.de/gepris/person/92402938,
565107691,Dr.-Ing. Mohamed Abouelela,"Technische Universität München (TUM)
TUM School of Engineering and Design
Lehrstuhl für Vernetzte Verkehrssysteme
Arcisstraße 21
80333 München",Neue Methoden zur Untersuchung von Verhalten und Präferenzen für Strategien zur extremen CO2-Vermeidung,https://gepris.dfg.de/gepris/person/565107691,
317023786,"Professorin Alaa Abouelfetouh, Ph.D.","Alexandria University
Faculty of Pharmacy
Department of Microbiology and Immunology
1 el-Khartoum Square
21521 Alexandria
Ägypten",Molekulare Epidemiologie und antimikrobielle Resistenzmechanismen bei Staphylokokken in verschiedenen geographischen Regionen Afrikas,https://gepris.dfg.de/gepris/person/317023786,
206837614,"Professor Mohamed Abouelhoda, Ph.D.","Nile University
Center for Informatics Science
K28 Cairo-Alex Road
12677 Giza
Ägypten","Compressed Suffix Trees: Design, Construction, and Applications",https://gepris.dfg.de/gepris/person/206837614,
72844728,Professor Dr. Rami Abou Jamra,"Universitätsklinikum Leipzig AöR
Institut für Humangenetik
Philipp-Rosenthal-Straße 55
04103 Leipzig","Mosaike und Risikoprädiktion bei Eltern von Kindern mit de novo Varianten (MORNOVA), Identifizierung der ursächlichen Gene bei nicht-syndromaler autosomal-rezessiver mentaler Retardierung., Systematische Charakterisierung von Genen bei autosomal-rezessiver mentaler Retardierung",https://gepris.dfg.de/gepris/person/72844728,
514896796,Professor Dr. Hosam Aboul-Ela,"University of Houston
Houston TX 77004
USA",Dekoloniale Epistemologien? Wissen über Konfliktresolution und Versöhnung (ṣulḥ/muṣālaḥa) in Syrien und Jordanien,https://gepris.dfg.de/gepris/person/514896796,
1551656,Dr. Faikah Abou-Rebyeh,"Medizinische Hochschule Hannover
Zentrum Innere Medizin
Klinik für Nieren- und Hochdruckerkrankungen
Carl-Neuberg-Straße 1
30625 Hannover",Signaltransduktion von PSGL-1,https://gepris.dfg.de/gepris/person/1551656,
1856560,Dr. Zhor Sarah Aboussalam,"Universität Münster
Institut für Geologie und Paläontologie
Corrensstraße 24
48149 Münster","Eovariscan evolution of the southern and northern Prototethys: high-resolution stratigraphy, facies developments, biogeography, and geodynamic interpretation, Devonische Konturite in ozeanischen Passagen zwischen Gondwana und Laurussia",https://gepris.dfg.de/gepris/person/1856560,
987543,Dr. Ahmed Abou-Zeid,"Physikalisch-Technische Bundesanstalt (PTB)
Bundesallee 100
38116 Braunschweig","Profilometrie mit einem Mehrwellenlängen-Diodenlaserinterferometer, Untersuchungen zur Entwicklung eines Absorptionshygrometers auf der Basis eines Diodenlasers mit externem Resonator, Luftbrechzahl, Absolutinterferometrie mit zwei Diodenlasern unter Nutzung der synthetischen Wellenlänge, Untersuchungen zur Entwicklung eines Messverfahrens zur Form- und Durchmessermessung an dünnen Zylindern mittels Mehrwellenlängen-Diodenlaserinterferometrie",https://gepris.dfg.de/gepris/person/987543,
165504448,Professor Gregory D. Abowd,"Georgia Institute of Technology
Health Systems Institute
School of Interactive Computing
828 W. Peachtree St., NW
Atlanta GA 30308-0477
USA",Discriminative Statistical Models for Multi-Modal Behavioral Assessment and Measurement in Social Interactions,https://gepris.dfg.de/gepris/person/165504448,
260441424,Professor Dr. John M. Abowd,"Cornell University
ILR School
Department of Human Resource Studies
173 Ives Faculty Building
Ithaca NY 14853-3901
USA",Maßgefertigte administrative Daten zur Analyse von Arbeitsmärkten (CADAL),https://gepris.dfg.de/gepris/person/260441424,
505082702,"Professor Wesley Abplanalp, Ph.D.","Goethe-Universität Frankfurt am Main
Universitätsklinikum
Zentrum für Molekulare Medizin
Institut für Kardiovaskuläre Regeneration
Theodor-Stern-Kai 7
60596 Frankfurt am Main","Mechanismen der Aortenklappenverkalkung durch klonale Hämatopoese-Mutationen (Projekt A2), Single Cell-Technologien",https://gepris.dfg.de/gepris/person/505082702,
70265331,Dr. Anna Abraham,"University of Georgia
College of Education
110 Carlton Street
Athens GA 30602
USA",Untersuchung neurokognitiver Mechanismen von Kreativität und individueller Unterschiede in kreativen Leistungen,https://gepris.dfg.de/gepris/person/70265331,
36166085,Dr. Christian Abraham,Es liegt keine aktuelle Dienstanschrift vor.,Untersuchung der Regulation von Cdk5 in Neuronen im Modellorganismus Caenorhabditits elegans,https://gepris.dfg.de/gepris/person/36166085,
178400372,Professorin Dr. Erika Ábrahám,"Rheinisch-Westfälische Technische Hochschule Aachen
Informatik 2 - Lehrstuhl Softwaremodellierung und Verifikation
Ahornstraße 2
52056 Aachen","Erreichbarkeitsanalyse für stochastische hybride Systeme, SMT Techniken für arithmetische Theorien, RigorOus dependability analysis using model ChecKing techniques for Stochastic systems (ROCKS), Berechnung von Gegenbeispielen für stochastische Systeme unter Verwendung von Bounded Model Checking, Entwicklung von neuartigen Online-Verfahren zur optimalen Steuerung hybrider Antriebssysteme, Ein Werkzeugkasten für die Erreichbarkeitsanalyse hybrider Systeme mittels geometrischer Approximationen, GRK 2236: Unsicherheit und Randomisierung in Algorithmen, Verifikation und Logik., GRK 1298: Algorithmische Synthese reaktiver und diskret-kontinuierlicher Systeme (AlgoSyn)",https://gepris.dfg.de/gepris/person/178400372,
1604412,Professor Dr. Martin Abraham,"Friedrich-Alexander-Universität Erlangen-Nürnberg
Fachbereich Wirtschaftswissenschaften
Lehrstuhl für Soziologie und Empirische Sozialforschung
Findelgasse 7/9
90402 Nürnberg","Die Rolle sozialer Normen für die Ausgestaltung der Flexibilität am Arbeitsplatz, Die Bedeutung sozialer Einbettung für Konsumentscheidungen privater Akteure, Die Konsequenzen räumlicher Mobilität für Partnerschaft und Familie, Adaption der Berufsaspiration bei Jugendlichen - Wirkung sozialer Herkunft sowie Opportunitäts- und Marktstrukturen: Anpassungsprozesse von Jugendlichen bei der Suche nach einem Ausbildungsberuf, Prekäre Beschäftigung und regionale Mobilität. Eine experimentelle Studie mit dem Faktoriellen Survey-Design, Die Regulierung von Berufen und ihr Einfluss auf die Positionierung im Arbeitsmarkt, Die Arbeitsmarktintegration qualifizierter MigrantInnen im internationalen Vergleich, Eigenschaften digitaler Technologien und Geschlechterungleichheit im Erwerbsleben, Die Entstehung von Reputation in Wirtschaftsbeziehungen, Kompromissbildung und deren Konsequenzen - Pfadabhängigkeiten zwischen Berufsfindung, Bildungsentscheidungen und Ausbildungsverläufen",https://gepris.dfg.de/gepris/person/1604412,
173328694,Dr. Nixon Mundathukudiyil Abraham,"University of Geneva
University Medical Centre
Laboratory of Sensory
Perception and Plasticity
1 Rue Michel Servet
1211 Genf 4
Schweiz",Dissection of genetic and epigentic factors controlling adult born neurons migration,https://gepris.dfg.de/gepris/person/173328694,
987515,Professor Dr. Ulf Abraham,"Otto-Friedrich-Universität Bamberg
Fakultät Geistes- und Kulturwissenschaften
Lehrstuhl für Didaktik der Deutschen Sprache und Literatur
An der Universität 5
96047 Bamberg",Lehren lernen mit Fachspezifischem Unterrichtscoaching durch Lehrpersonen und studentische Peers. Implementation und Wirkungen in heterogenen Praktikumskulturen in der Schweiz und in Deutschland.,https://gepris.dfg.de/gepris/person/987515,
1747226,Dr. Ute Abraham,"Charité - Universitätsmedizin Berlin
Campus Virchow-Klinikum (CVK)
Institut für Medizinische Immunologie
Fachbereich Chronobiologie
Charitéplatz 1
10117 Berlin","Circadiane Uhren im Säugerhirn: sind die suprachiasmatischen Nuklei notwendig, um die circadianen Oszillationen in anderen Hirnbereichen aufrecht zu erhalten?, Die circadiane Uhr im olfaktorischen Bulbus der Säuger: Mechanismen der Entrainments und funktionelle Aspekte",https://gepris.dfg.de/gepris/person/1747226,
987557,Professor Dr. Werner Abraham,"Humboldt-Universität zu Berlin
Mathematisch-Naturwissenschaftliche Fakultät
Institut für Chemie
Brook-Taylor-Straße 2
12489 Berlin","Wirt-Gast-Komplexe mit Cycloheptatrienyl- und Tropylium-Calix[4]arenen, Absolute asymmetrische Synthese, Spektroskopie und Untersuchungen zum Bildungsmechanismus von chiralen, supramolekularen Farbstoffaggregaten, Photoschaltbare Wirte auf der Basis von Calixarenen und Kronenethern, Photoschaltbare Rotaxane auf Acridanbasis, Schaltbare Rotaxane zur Funktionalisierung von Oberflächen",https://gepris.dfg.de/gepris/person/987557,
258417,Dr. Wolf-Rainer Abraham,"Helmholtz-Zentrum für Infektionsforschung GmbH
Arbeitsgruppe Chemische Mikrobiologie
Inhoffenstraße 7
38124 Braunschweig","GRK 653: Pseudomonas: Pathogenicity and Biotechnology, Chemische Funktionalisierung dentaler Implantat-Abutments zur Reduktion der oralen Biofilmbildung",https://gepris.dfg.de/gepris/person/258417,
219254659,Privatdozent Dr. Stefan Abrahamczyk,"Staatliches Museum für Naturkunde Stuttgart - Zentrum für Biodiversitätsforschung
Abteilung Botanik
Rosenstein 1
70191 Stuttgart","Relative Bedeutung von Blütenbesuchern als Bestäuber entlang eines Störungsgradienten, Bestäubungsökologie von Impatiens section Trimorphopetalum (Balsaminaceae) auf Madagaskar - ein Vergleich von Arten mit und ohne Belohnung mit Nektar",https://gepris.dfg.de/gepris/person/219254659,
282707645,Professorin Dr. Naeemah Abrahams,"South African Medical Research Council (SAMRC)
Gender and Health Research Unit
P.O. Box 19070
Cape Town 7505
Südafrika",Die prädiktive Bedeutung langfristiger Cortisolspiegel im Haar für die Entwicklung einer Posttraumatischen Belastungsstörung in Folge einer Vergewaltigung,https://gepris.dfg.de/gepris/person/282707645,
220351501,Dr. Melanie Abram,Es liegt keine aktuelle Dienstanschrift vor.,Funktionelle Rolle des miR-24-1-Clusters im IL-6- und APRIL-abhängigen Überleben von Plasmazellen,https://gepris.dfg.de/gepris/person/220351501,
987545,Professor Dr. Ulrich Abram,"Freie Universität Berlin
Institut für Chemie und Biochemie
Abteilung Anorganische Chemie
Fabeckstraße 34-36
14195 Berlin","Nitridobrücken zwischen Technetium und Hauptgruppenelementen, Technetiumkomplexe mit einfachen anorganischen Liganden, GRK 2260: BIOQIC - Biophysikalisch fundierte, quantitative Bildgebung für die klinische Diagnose, GRK 1582: Fluor als Schlüsselelement: Durch neue Synthesekonzepte zu Verbindungen mit einzigartigen Eigenschaften",https://gepris.dfg.de/gepris/person/987545,
1566079,Dr. Peter Abramenko,"Universität Bielefeld
Fakultät für Mathematik
Postfach 100131
33501 Bielefeld",Mathematik,https://gepris.dfg.de/gepris/person/1566079,
1615567,Professor Dr.-Ing. Michael Abramovici,"Ruhr-Universität Bochum
Fakultät für Maschinenbau
Lehrstuhl für Maschinenbauinformatik
Universitätsstraße 150
44801 Bochum","Globaler Informations- und Dokumentationsassistent für verteilte Produktentwicklungsprozesse komplexer Produkte, Erweiterung des Product Lifecycle Managements durch wissensbasierte Rückführung von Produktnutzungsinformationen in die Produktentwicklung (WiRPro), Semantische Analyse unstrukturierter HLB-Lifecycle Informationen",https://gepris.dfg.de/gepris/person/1615567,
2014600,Professor Dr. Marek A. Abramowicz,"Chalmers University
Department of Astrophysics
412-96 Göteborg
Schweden",Particle emission from galactic objects due to interactions with primordial black holes,https://gepris.dfg.de/gepris/person/2014600,
35899756,Dr. Uwe Abramowski,"Universität Bayreuth
Fachgruppe Geowissenschaften
Geographisches Institut
Lehrstuhl für Geomorphologie
Universitätsstraße 30
95447 Bayreuth",Datierung von Terrrassen mittels in situ 10-Be und optisch stimulierter Lumineszenz,https://gepris.dfg.de/gepris/person/35899756,
93038401,Dr. Sue Abrams,"National Research Council Canada
Plant Biotechnology Institute
Gymnasium Place 110
S7N 0W9 Saskatoon Saskatchewan
Kanada",Associative expression and systems analysis of complex traits in oilseed rape / canola (ASSYST),https://gepris.dfg.de/gepris/person/93038401,
261533140,Professor Dr. Jeff Abramson,"University of California, Los Angeles
Department of Physiology
P.O. Box 915751
Los Angeles CA 90095-1751
USA",Strukturelle und funktionelle Analyse von Apo-Konformationen des Modell Cys-loop-Rezeptors GluCl aus Caenorhabditis elegans,https://gepris.dfg.de/gepris/person/261533140,
1924676,Privatdozentin Dr. Fatima Abrantes,"Portuguese Institute for the Ocean and Atmosphere (IPMA)
Marine Geology and Georesources Division (DivGM)
Rua C ao Aeroporto
1749-077  Lisboa
Portugal","Entwicklung der Azorenfront im Quartär (M 45/5), Sedimentation Processes on the Portuguese Margin: The Role of Continental Climate, Ocean Circulation, Sea Level and Neotectonics",https://gepris.dfg.de/gepris/person/1924676,
262449356,Professor Dr.-Ing. Alexandre Mendes Abrão,"Universidade Federal de Minas Gerais (UFMG)
Departmento de Engenharia Mecanica
Av. Antônio Carlos Pampulha 6627
31270-901 Belo Horizonte
Brasilien","Digitaler Zwilling - Selbstlernende automatisierte Fertigung zur nachhaltigen Optimierung der Prozesskette, Einfluss des bearbeitungsbedingten Werkstoffzustands auf das belastungsinduzierte Abbauverhalten von Eigenspannungen.",https://gepris.dfg.de/gepris/person/262449356,
467462851,Dr. Daniel Abrar,"Universitätsklinikum Düsseldorf
Institut für Diagnostische und Interventionelle Radiologie
Moorenstraße 5
40225 Düsseldorf",Umfassende Optimierung moderner Magnetresonanztomografieverfahren und Nachbearbeitungstechniken zur Quantifizierung des Glykosaminoglykan-Gehaltes lumbaler Bandscheiben.,https://gepris.dfg.de/gepris/person/467462851,
987523,Professor Dr. Uwe Abresch,"Ruhr-Universität Bochum
Fakultät für Mathematik
Lehrstuhl Analysis, insbes.
Differentialgeometrie und Dynamische Systeme
Universitätsstraße 150
44801 Bochum","The geometry of exotic spheres and exotic projective spaces, Minimal surfaces, constant mean curvature surfaces, and the isoperimetric problem, Differentialgeometrie und Quantisierung von geometrischen Systemen",https://gepris.dfg.de/gepris/person/987523,
531015550,Dr. Elsa Abreu,"Eidgenössische Technische Hochschule Zürich (ETH)
Institut für Quantenelektronik
Auguste-Piccard-Hof 1
8093 Zürich
Schweiz",P1: Nicht-thermische photoinduzierte Phasenübergänge in Mott-basierten Quantenmaterialien,https://gepris.dfg.de/gepris/person/531015550,
461670864,Dr. Rafael Abreu,"Universität Münster
Fachbereich 11 - Physik
Institut für Geophysik
Corrensstraße 24
48149 Münster",Tiefe Erde Rotationsseismologie,https://gepris.dfg.de/gepris/person/461670864,
406660123,"Juliana Maria Abreu da Silva Morbec, Ph.D.","School of Chemical and Physical Sciences
Keele University
Newcastle-under-Lyme ST5 5BG
Großbritannien",Van-der-Waals-Heterostrukturen für photovoltaische Anwendungen: ‘first-principles’ Untersuchung organischer Molekülschichten auf zweidimensionalen Materialien,https://gepris.dfg.de/gepris/person/406660123,
18592326,Professor Dr. Igor Abrikosov,"Linköping University
Department of Physics and Measurement Technology, Biology and Chemistry (IFM)
58183 Linköping
Schweden","Mineralogy and Chemistry of Earth`s core (MCEC) (FP 08), Hochdruckchemie von stickstoffreichen Verbindungen, Klärung des „Paradoxons des Fe-O-Systems“ zum Verständnis der Mineralogie der tiefen Erden und von Supererden",https://gepris.dfg.de/gepris/person/18592326,
558598136,Dr. Claudia Abril,"Ludwig-Maximilians-Universität München
Department für Geo- und Umweltwissenschaften
Sektion Geophysik
Theresienstraße 41
80333 München",CYBERSHAKE - CyberShake und SeisSol für physikbasierte Simulationen von Fehlerrupturen und Bodenbewegungen am östlichen Rand der Adria-Platte unter Verwendung von Supercomputing,https://gepris.dfg.de/gepris/person/558598136,
5132,Professorin Dr. Heidrun Abromeit,"Technische Universität Darmstadt
Fachbereich Gesellschafts- und Geschichtswissenschaften
Institut für Politikwissenschaft
Am Residenzschloss 1
64283 Darmstadt","Demokratie im mehrdimensionalen, suprastaatlichen Entscheidungssystem: Modellüberlegungen zur Demokratisierung der Europäischen Union, Beitrag der Politikwissenschaft zur Demokratisierung und Konstitutionalisierung der EU, Die Entwicklung von Recht und Demokratie in der EU - Der öffentliche Rechtediskurs im europäischen Institutionengefüge",https://gepris.dfg.de/gepris/person/5132,
1416164,Privatdozent Dr. Clemens Abs,"Technische Universität München
TUM School of Life Sciences
Forschungsdepartment Life Science Systems
Hans-Carl-von-Carlowitz-Platz 2
85354 Freising",Auswirkungen einer Temperaturerhöhung auf die alpine Rasen-Vegetation der Nördlichen Kalkalpen,https://gepris.dfg.de/gepris/person/1416164,
20949252,Dr. Jan Abshagen,"Christian-Albrechts-Universität zu Kiel
Mathematisch-Naturwissenschaftliche Fakultät
Institut für Experimentelle und Angewandte Physik
Olshausenstraße 40
24118 Kiel",Experiments on the subcritical transition to spiral turbulence in Taylor-Couette flow by parametric modulation and chaos control,https://gepris.dfg.de/gepris/person/20949252,
171828085,Dr. Kerstin Abshagen,"Universität Rostock
Universitätsmedizin Rostock
Institut für Experimentelle Chirurgie
mit Zentraler Versuchstierhaltung
Schillingallee 69 a
18057 Rostock","Gezielte antifibrotische Gentherapie - Stammzellpotential von hepatischen Sternzellen, Repin1 und Resolvine - Provokation und Resolution der ""stillen und sterilen"" Inflammation (Inflammasom) im Rahmen der Progression chronischer Lebererkrankungen zum HCC",https://gepris.dfg.de/gepris/person/171828085,
429229107,Dr. Eva Petra Absmeier,"Freie Universität Berlin
Institut für Chemie und Biochemie
AG Strukturbiochemie
Takustraße 6
14195 Berlin","Entschlüsselung der Kommunikation zwischen der Dhh1/DDX6 Helikase und dem Ccr4 Not Deadenylase-Komplex, Die MEX3 Proteinfamilie der RNS bindenden E3 Ubiquitin Ligasen- ein Schalter für raschen Boten-RNS Abbau",https://gepris.dfg.de/gepris/person/429229107,
5135,Professor Dr. Gerhard Abstreiter,"Technische Universität München
Walter Schottky Institut
Am Coulombwall 4
85748 Garching","Tunneln zwischen senkrecht aufeinander stehenden Elektronenkanälen, Realisierung hochbeweglicher zweidimensionaler Ladungsträgersysteme auf (100) und (110) GaAs Oberflächen, Transport in bent quantum wells in the quantum Hall regime, International Collaboration in Chemistry: A New Molecular Architecture for Organic Electronics, Sub - 10 nm - Nanotransfer - Drucktechnik auf der Grundlage von MBE-Stempeln für neuartige Anwendungen in der organischen und molekularen Elektronik, Oberflächenemittierende Laserdioden, Optische Eigenschaften von ein- und nulldimensionalen Quantentoepfen, Optische Detektoren und Speicher mit lateraler Ortsauflösung im Nanometerbereich, Zentrales Serviceprojekt, Hochfrequenzanregungen in Halbleiternanostrukturen, Niedrigdimensionale Systeme durch Wachstum auf Spaltflächen, Ein-Elektronen-Bauelemente, Local biosensing using silicon based photonic nanostructures, Biomolekül-Transport duch funktionalisierte Nanoporen, Spinabhängige Spektroskopie von eindimensionalen Zuständen in einzelnen und gekoppelten Quantenpunkten, Elektrostatisch definierte Spin Qubits in Si/SiGe: Bauteile und Materialien mit spezifisch eingestell-ten Kernspingehalten, InAs-based nanowires on silicon platform for novel nanoscale high electron mobility heterojunction devices",https://gepris.dfg.de/gepris/person/5135,
987505,Professorin Dr. Irmgard Abs-Wurmbach (†),,Zur Kristallchemie und -physik von Turmalinen: Spektroskopische Charakterisierung von synthetischen Foititen und Schörlen im System Na2O-FeO-MgO-Al2O3-SiO2-B2O3-H2O-O2,https://gepris.dfg.de/gepris/person/987505,
35593695,Markus Abt,"Goethe-Universität Frankfurt am Main
Fachbereich Physik
Physikalisches Institut
Max-von-Laue-Straße 1
60438 Frankfurt am Main",Mollow-Triplett-Emission und die Erzeugung höherer Harmonischer bei Dotieratomen in Halbleitern im starken Terahertz-Feld,https://gepris.dfg.de/gepris/person/35593695,
