title,project_number,applicants,field,procedure,funding,url,error
0-X MASH als zeitkontinuierliche Pipeline ADC basierend auf zeitverschachtelten SAR,392004833,Professor Dr.-Ing. Maurits Ortmanns,"Elektronische Halbleiter, Bauelemente und Schaltungen, Integrierte Systeme, Sensorik, Theoretische Elektrotechnik",Sachbeihilfen,Förderung seit 2018,https://gepris.dfg.de/gepris/projekt/392004833,
1001G3_1001 Genome Plus,355701936,"Paul Kersey, Ph.D. ; Professor Dr. Magnus Nordborg ; Professor Detlef Weigel, Ph.D.",Genetik und Genomik der Pflanzen,"Sachbeihilfen Internationaler Bezug Großbritannien, Österreich Partnerorganisation Biotechnology and Biological Sciences Research Council (BBSRC) ; Fonds zur",Förderung von 2018 bis 2022,https://gepris.dfg.de/gepris/projekt/355701936,
100 Lebensgeschichten - eine Geschichte? Die Entwicklung der hessischen Erwachsenenbildung aus der Sicht von Zeitzeugen,5367846,Professor Dr. Dieter Nittel,Bildungssysteme und Bildungsinstitutionen,Sachbeihilfen,Förderung von 2002 bis 2005,https://gepris.dfg.de/gepris/projekt/5367846,
"10² to 10³ year scale variability of the El Niño/Southern Oscillation (ENSO) and the Indian Ocean Dipole (IOD) in the eastern Indian Ocean over the last 30,000 years",136724195,Professor Dr. Dierk Hebbeln,Paläontologie,Sachbeihilfen,Förderung von 2009 bis 2014,https://gepris.dfg.de/gepris/projekt/136724195,
(111)-orientierte CoFe2O4 und NiCo2O4 ultradünne Filme mit einstellbaren elektronischen und magnetischen Eigenschaften,392675618,Dr. Karsten Küpper,"Experimentelle Physik der kondensierten Materie Physikalische Chemie von Festkörpern und Oberflächen, Materialcharakterisierung",Sachbeihilfen,Förderung von 2017 bis 2024,https://gepris.dfg.de/gepris/projekt/392675618,
1+1=3. Die Entstehung der sowjetischen Wissenschaften in den 1920er und -30er Jahren unter den Bedingungen moderner Massenkommunikation,5450337,Professor Dr. Jurij Murasov,Europäische und Amerikanische Literatur- und Kulturwissenschaften,Sachbeihilfen,Förderung von 2005 bis 2007,https://gepris.dfg.de/gepris/projekt/5450337,
11beta-Hydroxysteroid-Dehydrogenase 1: Funktion im Metabolismus von Steroiden und toxischen Fremdstoffen,5077570,Professor Dr. Edmund Maser,Pharmakologie,Sachbeihilfen,Förderung von 1997 bis 2006,https://gepris.dfg.de/gepris/projekt/5077570,
"1,1-Carboborierung von Alkinen - Entwicklung einer ungewöhnlichen Reaktion",183729294,Professor Dr. Gerhard Erker,"Organische Molekülchemie - Synthese, Charakterisierung",Sachbeihilfen,Förderung von 2010 bis 2018,https://gepris.dfg.de/gepris/projekt/183729294,
"1,1-Organoborierung funktionell-substituierter 1-Alkinylsilicium-, -germanium- und -zinn-Verbindungen",5097562,Professor Dr. Bernd Wrackmeyer (†),"Anorganische Molekülchemie - Synthese, Charakterisierung",Sachbeihilfen,Förderung von 1998 bis 2005,https://gepris.dfg.de/gepris/projekt/5097562,
"1,2-Di(2-pyridyl)-1,2-diamidoethan-Komplexe: Bindungsaktivierung zur selektiven Steuerung von Reaktionen",60515828,Professor Dr. Matthias Westerhausen,"Anorganische Molekülchemie - Synthese, Charakterisierung",Sachbeihilfen,Förderung von 2008 bis 2011,https://gepris.dfg.de/gepris/projekt/60515828,
"1,2-Dichalkogenolato-1,2-dicarba-closo-dodecaboran-Anionen in der Chemie von Hauptgruppenelementen",106542411,Professor Dr. Bernd Wrackmeyer (†),"Anorganische Molekülchemie - Synthese, Charakterisierung",Sachbeihilfen,Förderung von 2009 bis 2014,https://gepris.dfg.de/gepris/projekt/106542411,
12(S)-HpETE/TRPV1 Interaktion vermittelt Hyperglykaemie-induzierte endotheliale Dysfunktion: Neue Ansaetze zur frühen Diagnose und Therapie vaskulaerer Erkrankungen bei Diabetes Mellitus,390645560,in Professorin Dr. Nana-Maria Wagner,Anästhesiologie,Sachbeihilfen,Förderung von 2018 bis 2023,https://gepris.dfg.de/gepris/projekt/390645560,
1300 Jahre Klimavariabilität für den nordöstlichen Mittelmeerraum anhand mehrerer Jahrringproxies von uralten Pinus heldreichii Bäumen am Mt. Smolikas (Nordgriechenland),428565501,Professor Dr. Jan Esper ; Professor Dr. Frank Keppler,Physische Geographie,Sachbeihilfen,Förderung von 2020 bis 2025,https://gepris.dfg.de/gepris/projekt/428565501,
"(1-3)-beta-D-Glukan-gesteuerte, vorzeitige Beendigung einer antimykotischen Therapie bei Patienten auf Intensivstationen",400727961,Privatdozent Dr. Jürgen Held,Klinische Infektiologie und Tropenmedizin Parasitologie und Biologie der Erreger tropischer Infektionskrankheiten,Sachbeihilfen Mitverantwortliche Dr. Ixchel Castellanos ; Privatdozent Dr. Richard Strauß ; Professor Dr. Carsten Willam,Förderung von 2018 bis 2021,https://gepris.dfg.de/gepris/projekt/400727961,
"1,3-Diborolyl- und 4-Borataborepin-Metallkomplexe",5431937,Professor Dr. Walter Siebert,"Anorganische Molekülchemie - Synthese, Charakterisierung",Sachbeihilfen,Förderung von 2004 bis 2009,https://gepris.dfg.de/gepris/projekt/5431937,
"1,4,5,8-Tetraazafulvalene - eine neue Klasse funktioneller Farbstoffe",5200020,Professor Dr. Rainer Beckert,"Organische Molekülchemie - Synthese, Charakterisierung",Sachbeihilfen,Förderung von 1999 bis 2002,https://gepris.dfg.de/gepris/projekt/5200020,
14C-AMS-Datierungen zur Rekonstruktion der Waldentwicklung und Nutzungsgeschichte im Naturschutzgebiet Eldena bei Greifswald in den letzten 2000 Jahren,5432002,Professor Dr. Hans Joosten,Paläontologie,Sachbeihilfen,Förderung von 2004 bis 2005,https://gepris.dfg.de/gepris/projekt/5432002,
15/16-Element-Käfige als Bausteine in anorganischen und gemischten Koordinationspolymeren,60331071,Dr. Joachim Wachter,"Anorganische Molekülchemie - Synthese, Charakterisierung",Sachbeihilfen,Förderung von 2007 bis 2011,https://gepris.dfg.de/gepris/projekt/60331071,
15/16-Elementligand-Komplexe als Bausteine in der Supramolekularen Chemie,34242216,Dr. Joachim Wachter,"Anorganische Molekülchemie - Synthese, Charakterisierung",Sachbeihilfen,Förderung von 2007 bis 2011,https://gepris.dfg.de/gepris/projekt/34242216,
17.6 T-Labormagnet für höchstaufgelöste NMR-Bildgebung mit Anwendungen in den Naturwissenschaften und der Medizin,5237386,Professor Dr. Peter M. Jakob,Analytische Chemie,Sachbeihilfen Ehemaliger Antragsteller Professor Dr. Axel Haase,Förderung von 2000 bis 2006,https://gepris.dfg.de/gepris/projekt/5237386,
17beta-Hydroxysteroid Dehydrogenase Typ 14: Enzymstruktur-basierte Entwicklung von potenten und selektiven Inhibitoren mit Hilfe von Kristallisation und Enzymcharakterisierung,233241443,innen / Antragsteller Professor Dr. Gerhard Klebe ; Dr. Sandrine Marchais-Oberwinkler,Pharmazie,Sachbeihilfen,Förderung von 2013 bis 2017,https://gepris.dfg.de/gepris/projekt/233241443,
17O von Bioapatite als Paläo-CO2-Barometer,389544065,Professor Dr. Andreas Pack,"Paläontologie Mineralogie, Petrologie und Geochemie",Sachbeihilfen Kooperationspartner Dr. Alexander Gehler ; Professor Dr. Thomas Tütken,Förderung von 2017 bis 2021,https://gepris.dfg.de/gepris/projekt/389544065,
18F-Markierung von Octreotat-Derivaten mithilfe von Organosilanan: Evaluierung einer neuen Strategie zur vereinfachten Radiosynthese peptidischer PET-Diagnostika,161901132,Professor Dr. Björn Wängler,Pharmazie,Sachbeihilfen,Förderung von 2010 bis 2014,https://gepris.dfg.de/gepris/projekt/161901132,
18O-Zusammensetzung von Phenocrysten in Vulkaniten analysiert durch Laser-Evaporation,5309046,Professor Dr. Jochen Hoefs,"Mineralogie, Petrologie und Geochemie",Sachbeihilfen,Förderung von 1996 bis 2001,https://gepris.dfg.de/gepris/projekt/5309046,
"1. Alter der extremen turnoff-Feldsterne, 2. Die Hauptreihe des offenen Sternhaufens Melotte 111",5211760,Professor Dr. Thomas Gehren (†),Astrophysik und Astronomie,Sachbeihilfen,Förderung von 1999 bis 2000,https://gepris.dfg.de/gepris/projekt/5211760,
1. Archäologie der Oasenstadt Tayma: Kontinuität und Wandel der Lebensformen im ariden Nordwesten der Arabischen Halbinsel vom Neolithikum bis zur Islamisierung. 2. Wasserwirtschaftliche Anlagen in der historischen Oasenstadt Tayma.,63608405,Professor Dr. Ricardo Eichmann ; Professor Dr.-Ing. Matthias Grottker,Ägyptische und Vorderasiatische Altertumswissenschaften,Sachbeihilfen,Förderung von 2008 bis 2020,https://gepris.dfg.de/gepris/projekt/63608405,
1-Bit 3-Dimensionale Bildgebung,514479946,Professor Dr. Bhaskar Choubey ; Privatdozent Dr.-Ing. Miguel Heredia Conde,"Elektronische Halbleiter, Bauelemente und Schaltungen, Integrierte Systeme, Sensorik, Theoretische Elektrotechnik Bild- und Sprachverarbeitung, Computergraphik und Visualisierung, Human Computer Interaction, Ubiquitous und Wearable Computing",Sachbeihilfen,Förderung seit 2023,https://gepris.dfg.de/gepris/projekt/514479946,
"1.Diffusion in heißen Weißen Zwergen, 2. Nicht-radiale Pulsationen in sdB Sternen, 3. Coordinated observation of the DBV GD358",5282882,Professor Dr. Klaus Werner,Astrophysik und Astronomie,Sachbeihilfen,Förderung von 2000 bis 2001,https://gepris.dfg.de/gepris/projekt/5282882,
1-D Multi-Gate FETs: Einstellen der Potentiallandschaft auf der Nanometerskala,266030637,Professor Dr. Joachim Knoch,"Elektronische Halbleiter, Bauelemente und Schaltungen, Integrierte Systeme, Sensorik, Theoretische Elektrotechnik",Sachbeihilfen,Förderung von 2015 bis 2017,https://gepris.dfg.de/gepris/projekt/266030637,
1-D periodisch plasmonische Dirac-Fermionsysteme mit Fokus auf helizitätsabhängigen fotovoltaische Effekte,448955585,Professor Dr. Sergey Ganichev,Experimentelle Physik der kondensierten Materie,"Sachbeihilfen Internationaler Bezug Russische Föderation Partnerorganisation Russian Foundation for Basic Research , bis 3/2022 Mitverantwortlich Professor Dr. Dieter Weiss Kooperationspartner Professor Dr. Vasily V. Belkov , bis 3/2022",Förderung seit 2021,https://gepris.dfg.de/gepris/projekt/448955585,
1. Erforschung sowie Simulation und Modellierung der mineral-chemischen und physikalischen Prozesse der TRM und CRM. 2. Umweltgeophysik/Umweltmagnetismus zur Überwachung der Umwelt und zum direkten Nachweis von Kontaminationen,5368995,Privatdozent Dr. Viktor Hoffmann,Physik des Erdkörpers,Sachbeihilfen,Förderung von 1997 bis 2001,https://gepris.dfg.de/gepris/projekt/5368995,
1. Ergänzende Aufnahme von Daten zur vergleichenden Untersuchung von Gerüchen und ihren Beziehungen zu anderen Sinneswahrnehmungen 2. Untersuchung interethnischer Ehen bei den Wampar in Papua-Neuguinea,5409915,in Professorin Dr. Bettina Beer,Ethnologie und Europäische Ethnologie,Sachbeihilfen,Förderung von 2003 bis 2004,https://gepris.dfg.de/gepris/projekt/5409915,
"1. Geostatistische Klassifikation, Funktionen höherer Ordnung und neuronale Netze; 2. Modellierung und Analyse von Gletscherspalten als Indikatoren dynamischer Prozesse schnellfließenden Eises: Einsatz geostatistischer, strukturglaziologischer und kontinuumsmechanischer Methoden",5372301,in Professorin Dr. Ute Christina Herzfeld,"Hydrogeologie, Hydrologie, Limnologie, Siedlungswasserwirtschaft, Wasserchemie, Integrierte Wasserressourcen-Bewirtschaftung",Sachbeihilfen,Förderung von 2002 bis 2004,https://gepris.dfg.de/gepris/projekt/5372301,
"1. Holocaust und `Polykratie` in Westeuropa, 1940-1944 2. Kulturelle Ressourcen institutioneller Integration 3. Strategiefähigkeit im Regulierungswettbewerb",5315134,Professor Dr. Wolfgang Seibel,Politikwissenschaft,Sachbeihilfen,Förderung von 2001 bis 2004,https://gepris.dfg.de/gepris/projekt/5315134,
1. Marktfähigkeit von Bankkrediten: Theorie und Empirie 2. The Reinsurance Industry and the Competition from Capital Markets,5337442,Professor Dr. Jan Pieter Krahnen,Accounting und Finance,Sachbeihilfen,Förderung von 2001 bis 2002,https://gepris.dfg.de/gepris/projekt/5337442,
"1-Metallacyclobuta-2,3-diene - von Laborkuriositäten zu modularen Katalysatoren für die Synthese cyclischer Polymere",452714985,Professor Dr. Torsten Beweries,"Anorganische Molekülchemie - Synthese, Charakterisierung",Sachbeihilfen Internationaler Bezug USA Kooperationspartner Professor Daniel J. Mindiola,Förderung seit 2020,https://gepris.dfg.de/gepris/projekt/452714985,
"1. Mondbedeckungen stellarer Quellen im nahen Infrarot, 2. Untersuchungen zur Verringerung des Speckle-Rauschens bei Adaptiver Optik",5215024,Dr. Bringfried Stecklum,Astrophysik und Astronomie,Sachbeihilfen,Förderung von 1999 bis 2000,https://gepris.dfg.de/gepris/projekt/5215024,
1P2P_EnT - Effiziente Einphotonen(1P)- und neuartige Zweiphotonen(2P)-Mechanismen in der lichtgetriebenen Energietransfer(EnT)-Katalyse,516556094,Professor Dr. Christoph Kerzig,"Physikalische Chemie von Molekülen, Flüssigkeiten und Grenzflächen, Biophysikalische Chemie",Sachbeihilfen,Förderung seit 2022,https://gepris.dfg.de/gepris/projekt/516556094,
"1. Philosophisches Symposium der DFG zum Thema: Potentialität (Villa Vigoni, 18.-22.3.2019)",428444811,Professor Dr. Christof Karl Rapp,Theoretische Philosophie Geschichte der Philosophie Praktische Philosophie,Sachbeihilfen Mitverantwortlich(e) Professorin Dr. Barbara Vetter,Förderung von 2019 bis 2020,https://gepris.dfg.de/gepris/projekt/428444811,
"1. ""Role of dendritic cells in induction or prevention of colitogenic CD4 T cell responses"" and 2. ""Priming tolerogenic and colitogenic CD4 T cells in the murine gut""",5435872,innen / Antragsteller Professorin Dr. Julia-Stefanie Frick ; Professor Dr. Jan-Hendrik Niess,Immunologie,Sachbeihilfen,Förderung von 2004 bis 2013,https://gepris.dfg.de/gepris/projekt/5435872,
"1. The nature of 2MASS ""red AGN""; 2. Ionised gas in quasar host galaxies: the integral field view",5412149,Professor Dr. Lutz Wisotzki,Astrophysik und Astronomie,Sachbeihilfen,Förderung von 2003 bis 2004,https://gepris.dfg.de/gepris/projekt/5412149,
1. Untersuchung der Oberflächemorphologie und Hydrologie der Schneedecke 2. Mathematische Beiträge zur theoretischen Glaziologie (schnellfließendes Eises),5244070,in Professorin Dr. Ute Christina Herzfeld,"Atmosphären-, Meeres- und Klimaforschung",Sachbeihilfen,Förderung von 1999 bis 2001,https://gepris.dfg.de/gepris/projekt/5244070,
1. Wandlungen des IPR und Harmonisierung des internationalen Verfahrensrecht in Europa 2. Schadensrechtsreform und Umwelthaftungsrecht - Einflüsse deutschen und europäischen Rechts außerhalb Europas,5400673,Professor Dr. Gerhard Hohloch,Privatrecht,Sachbeihilfen,Förderung von 2003 bis 2005,https://gepris.dfg.de/gepris/projekt/5400673,
"1) Wechselwirkung zwischen fluiddynamischen Strömungen in der Erde, anisotroper Rheologie und anisotropen seismologischen Eigenschaften 2) Hydrothermale Effekte bei Krustenproduktion an Riftzonen",70427737,Professor Dr. Harro Schmeling,Physik des Erdkörpers,Sachbeihilfen,Förderung von 2008 bis 2009,https://gepris.dfg.de/gepris/projekt/70427737,
1. Werkmonographie zu dem Tschechen Jiri Mordechaj Langer; 2. Monographie zur sorbischen Gegenwartsliteratur (zusammen mit Dr. Ch. Prunitsch); 3. Das russische Drama des 20. Jahrhunderts,5421206,Professor Dr. Walter Koschmal,Europäische und Amerikanische Literatur- und Kulturwissenschaften,Sachbeihilfen,Förderung von 2004 bis 2006,https://gepris.dfg.de/gepris/projekt/5421206,
2010/AFGN Collaborative Project: An exemplary calcium signaling network in plant abiotic stress responses,49803633,Professor Dr. Jörg Kudla,Zell- und Entwicklungsbiologie der Pflanzen,Sachbeihilfen Internationaler Bezug USA,Förderung von 2007 bis 2014,https://gepris.dfg.de/gepris/projekt/49803633,
2010/AFGN Collaborative Project: The Interaction Network for the Heterotrimeric G-Protein Signaling Pathway,49640339,Professor Dr. Ralph Panstruga ; Privatdozent Dr. Joachim Uhrig,Zell- und Entwicklungsbiologie der Pflanzen,Sachbeihilfen Internationaler Bezug USA,Förderung von 2007 bis 2015,https://gepris.dfg.de/gepris/projekt/49640339,
20S Proteasom-Isotypen in Säugetieren: Von der Struktur und Funktion zur selektiven Hemmung,256398100,Professor Dr. Michael Groll,Strukturbiologie,Sachbeihilfen,Förderung von 2014 bis 2023,https://gepris.dfg.de/gepris/projekt/256398100,
"20th- and 21th-century climate changes in western China simulated with a hierarchy of global and regional climate models, including improved scenarios of human activity and reliable observational data for validation",100434939,"innen / Antragsteller Professor Dr. Heiko Paeth ; Dr. Xiuhua Zhu , seit 10/2012",Physische Geographie,Sachbeihilfen Internationaler Bezug China,Förderung von 2010 bis 2016,https://gepris.dfg.de/gepris/projekt/100434939,
2/1-3/2-Umwandlung von Mullit: Mechanismen und Kinetik,5236206,Professor Dr. Hartmut Schneider,"Metallurgische, thermische und thermomechanische Behandlung von Werkstoffen",Sachbeihilfen,Förderung von 2000 bis 2007,https://gepris.dfg.de/gepris/projekt/5236206,
2/1-3/2-Umwandlung von Mullit: Mechanismen und Kinetik,5236218,Professor Dr.-Ing. Günter Borchardt,"Metallurgische, thermische und thermomechanische Behandlung von Werkstoffen",Sachbeihilfen,Förderung von 2000 bis 2007,https://gepris.dfg.de/gepris/projekt/5236218,
"21-Hydroxpregnan-21-O-Malonyltransferasen: Heterologe Expression in Escherichia coli und Saccharomyces cerevisiae, Charakterisierung und Bedeutung für die Cardenolid-Biosynthese",427204405,Professor Dr. Wolfgang Kreis,Pflanzenphysiologie,Sachbeihilfen Mitverantwortlich(e) Dr. Jennifer Munkert,Förderung von 2019 bis 2021,https://gepris.dfg.de/gepris/projekt/427204405,
"2,3-Bisphosphoglycerat Mutase, ein renoprotektiver Faktor",538820275,"Professor Dr. Michael Fähling , seit 7/2024",Anatomie und Physiologie,"Sachbeihilfen Ehemaliger Antragsteller Professor Dr. Christian Rosenberger , bis 6/2024",Förderung seit 2024,https://gepris.dfg.de/gepris/projekt/538820275,
26 Al-Tracerdiffusion in alpha-Aluminiumoxid,22463399,Professor Dr.-Ing. Günter Borchardt,Thermodynamik und Kinetik sowie Eigenschaften der Phasen und Gefüge von Werkstoffen,Sachbeihilfen,Förderung von 2006 bis 2012,https://gepris.dfg.de/gepris/projekt/22463399,
2-Azoniavinyliden-Komplexe - eine neue Klasse von Metall-Kohlenstoff-Mehrfachbindungssystemen,5209610,Professor Dr. Alexander C. Filippou,"Anorganische Molekülchemie - Synthese, Charakterisierung",Sachbeihilfen,Förderung von 1995 bis 2007,https://gepris.dfg.de/gepris/projekt/5209610,
"2C-Methyl-D-erythritol-2,4-cyclodiphosphat-Synthase, ein potentielles ""Antibiotika-Target""",5347326,Dr. Felix Rohdich,Biochemie,Sachbeihilfen,Förderung von 2001 bis 2006,https://gepris.dfg.de/gepris/projekt/5347326,
"2C-Methyl-D-erythritol-2,4-cyclodiphosphat-Synthase, ein potentielles ""Antibiotika-Target""",5348191,Privatdozent Dr. Stefan Steinbacher,Biochemie,Sachbeihilfen,Förderung von 2001 bis 2004,https://gepris.dfg.de/gepris/projekt/5348191,
2D-Analyse des Interface-Spannungsverhaltens in einem Graphen-Einzelschicht-Nanocomposite,428426608,Professor Dr.-Ing. Wilfried Becker,Mechanik,Sachbeihilfen Internationaler Bezug Bulgarien Kooperationspartnerinnen Professorin Dr. Jordanka Ivanova ; Professorin Dr. Elisaveta Kirilova ; Professorin Dr. Tatyana Petrova,Förderung von 2019 bis 2020,https://gepris.dfg.de/gepris/projekt/428426608,
"2-D Basin Modelling of the Limón Back-arc Basin, Costa Rica",5437864,in Professorin Dr. Jutta Winsemann,Paläontologie,Sachbeihilfen,Förderung von 2004 bis 2010,https://gepris.dfg.de/gepris/projekt/5437864,
2-dimensionales Imprägnierverhalten hochviskoser Thermoplaste in ebenen Faserstrukturen,24982992,"Professor Dr.-Ing. Peter Mitschang , seit 12/2009",Kunststofftechnik,"Sachbeihilfen Ehemaliger Antragsteller Professor Dr.-Ing. Alois K. Schlarb , von 2/2006 bis 12/2009",Förderung von 2006 bis 2009,https://gepris.dfg.de/gepris/projekt/24982992,
2Dimensionale van der Waals Spin-Orbit-Torque Technologie,471797209,Professor Dr. Christian Back ; Professor Dr. Jaroslav Fabian,Theoretische Physik der kondensierten Materie,Sachbeihilfen Internationaler Bezug Schweden Kooperationspartner Professor Dr. Saroj Dash,Förderung seit 2021,https://gepris.dfg.de/gepris/projekt/471797209,
2-Dimensional Ion Conducting Bismuth Vanadates for Electrochemical Devices,198685931,Professor Dr.-Ing. Ralf Moos,Experimentelle Physik der kondensierten Materie,Sachbeihilfen,Förderung von 2012 bis 2016,https://gepris.dfg.de/gepris/projekt/198685931,
2D-Leuchtdioden mit lateralem Auskoppeltaper,5089328,Professor Dr. Karl Joachim Ebeling,"Elektronische Halbleiter, Bauelemente und Schaltungen, Integrierte Systeme, Sensorik, Theoretische Elektrotechnik",Sachbeihilfen,Förderung von 1997 bis 2003,https://gepris.dfg.de/gepris/projekt/5089328,
2D Magnetische Speicher: Skalierbares Wachstum und hybrider elektrischer Betrieb,471731263,Professor Dr. Stuart Parkin,Experimentelle Physik der kondensierten Materie,"Sachbeihilfen Internationaler Bezug Frankreich, Spanien Kooperationspartnerinnen / Kooperationspartner Frédéric Bonell ; Dr. Regina Galceran ; Professor Dr. Aurelien Manchon",Förderung seit 2021,https://gepris.dfg.de/gepris/projekt/471731263,
2D- und 3D-Materialdesign für Operando-Techniken in der Bioelektrokatalyse,545505987,in Professorin Dr. Anna Fischer,"Festkörper- und Oberflächenchemie, Materialsynthese Biochemie Biologische und Biomimetische Chemie Physikalische Chemie von Festkörpern und Oberflächen, Materialcharakterisierung Physikalische Chemie von Molekülen, Flüssigkeiten und Grenzflächen, Biophysikalische Chemie",Sachbeihilfen Internationaler Bezug Frankreich Partnerorganisation Agence Nationale de la Recherche / The French National Research Agency Kooperationspartnerin Dr. Elisabeth Lojou,Förderung seit 2024,https://gepris.dfg.de/gepris/projekt/545505987,
2D- und 3D-Singularitäten in piezoelektrischen Strukturen und Mehrschichtsystemen,16832430,Professor Dr.-Ing. Wilfried Becker,Mechanik,Sachbeihilfen,Förderung von 2005 bis 2008,https://gepris.dfg.de/gepris/projekt/16832430,
2D- und 3D-Strukturen auf der Basis von Metallakronenethern,5302006,Professor Dr. Rolf W. Saalfrank,"Organische Molekülchemie - Synthese, Charakterisierung",Sachbeihilfen,Förderung von 1997 bis 2003,https://gepris.dfg.de/gepris/projekt/5302006,
2D- und 3D- Transmissionsbildgebung mittels Compton-Streuung unter Verwendung verallgemeinerter Radontransformationen,290054006,Dr. Gael Rigaud,"Mathematik Medizinische Physik, Biomedizinische Technik",Sachbeihilfen,Förderung von 2016 bis 2018,https://gepris.dfg.de/gepris/projekt/290054006,
2D und 3D Werkstoff-Morphologien für das reaktive Mikrofügen in der Elektronik,426362670,innen / Antragsteller Dr.-Ing. Heike Bartsch ; Professor Dr. Peter Schaaf,"Herstellung und Eigenschaften von Funktionsmaterialien Beschichtungs- und Oberflächentechnik Mechanische Eigenschaften von metallischen Werkstoffen und ihre mikrostrukturellen Ursachen Metallurgische, thermische und thermomechanische Behandlung von Werkstoffen Thermodynamik und Kinetik sowie Eigenschaften der Phasen und Gefüge von Werkstoffen",Sachbeihilfen,Förderung seit 2019,https://gepris.dfg.de/gepris/projekt/426362670,
"2. Nachwuchsakademie ""Klinische Studien""",134593663,Professor Dr. Martin Wehling,Medizin,Sachbeihilfen,Förderung von 2009 bis 2010,https://gepris.dfg.de/gepris/projekt/134593663,
"2. Philosophisches Symposium der DFG zum Thema „Gedankenexperimente und Narration in der Philosophie“ (Villa Vigoni, 23.-27.03.2020)",445815659,Professor Dr. Hans-Helmuth Gander,Geschichte der Philosophie,Sachbeihilfen Mitverantwortlich(e) Professorin Dr. Elke Brendel,Förderung von 2020 bis 2023,https://gepris.dfg.de/gepris/projekt/445815659,
"2-Vektorbündel, Schleifenräume und Elliptische Objekte",531484544,Professor Dr. Konrad Waldorf,Mathematik,Sachbeihilfen,Förderung seit 2023,https://gepris.dfg.de/gepris/projekt/531484544,
300-GHz-Sender mit steuerbaren holographischen Antennen - HoloOnC,556676862,Professor Dr.-Ing. Dietmar Kissinger ; Professor Dr.-Ing. Christian Waldschmidt,"Kommunikationstechnik und -netze, Hochfrequenztechnik und photonische Systeme, Signalverarbeitung und maschinelles Lernen für die Informationstechnik",Sachbeihilfen,Förderung seit 2025,https://gepris.dfg.de/gepris/projekt/556676862,
31p-MRS Untersucherungen der Muskelfaserverteilung zur individuellen Gestaltung des Kraft-Technik-Trainings im Leistungssport,110550346,Dr. Reinhard Rzanny,"Medizinische Physik, Biomedizinische Technik",Sachbeihilfen,Förderung von 2009 bis 2011,https://gepris.dfg.de/gepris/projekt/110550346,
36Derivation and characterization of pluripotent porcine cells(Ableitung und Charakterisierung pluriopotenter Zellen beim Schwein),182501798,Professor Dr. Heiner Niemann,"Tierzucht, Tierernährung, Tierhaltung Reproduktionsmedizin, Urologie",Sachbeihilfen,Förderung von 2010 bis 2016,https://gepris.dfg.de/gepris/projekt/182501798,
3D-Analyse von Oberflächenschädigungen in metallischen Werkstoffen unter Ermüdungsbelastung,222262440,Professor Dr.-Ing. Peter Lehmann,Messsysteme,Sachbeihilfen,Förderung von 2012 bis 2017,https://gepris.dfg.de/gepris/projekt/222262440,
3D-Biegen von Profilen mit Spannungsüberlagerungen,23344076,Professor Dr.-Ing. A. Erman Tekkaya,"Ur- und Umformtechnik, Additive Fertigungsverfahren",Sachbeihilfen,Förderung von 2006 bis 2011,https://gepris.dfg.de/gepris/projekt/23344076,
3D Bio-Strukturierung mithilfe der selbst-faltenden Polymerschichten,114626003,"in Privatdozentin Dr. Alla Synytska , seit 8/2015","Experimentelle und Theoretische Polymerphysik Physikalische Chemie von Festkörpern und Oberflächen, Materialcharakterisierung","Sachbeihilfen Ehemaliger Antragsteller Professor Dr. Leonid Ionov , von 3/2015 bis 8/2015",Förderung von 2009 bis 2020,https://gepris.dfg.de/gepris/projekt/114626003,
3D bipede Fortbewegung von Vögeln auf ebenen und unvorhersagbaren Terrain: Eine integrative Studie zur Kontrolle von Lokomotion sowie Körper- und Beinproportionen,326979688,Dr.-Ing. Emanuel Andrada,"Systematik und Morphologie der Tiere Automatisierungstechnik, Mechatronik, Regelungssysteme, Intelligente Technische Systeme, Robotik",Sachbeihilfen,Förderung von 2017 bis 2021,https://gepris.dfg.de/gepris/projekt/326979688,
3D-CCM – Dreidimensionale In-vivo-Mikroskopie der Kornea zur Diagnostik von Oberflächenerkrankungen des Auges,273371152,"Dr.-Ing. Bernd Köhler ; Professor Dr.-Ing. Ralf Mikut ; Professor Oliver Stachs, Ph.D.","Medizinische Physik, Biomedizinische Technik Augenheilkunde",Sachbeihilfen,Förderung von 2015 bis 2023,https://gepris.dfg.de/gepris/projekt/273371152,
3D-Charakterisierung von Mikrokugeln mit Nanometerpräzision,405975441,Professor Dr.-Ing. Eberhard Manske,Messsysteme,Sachbeihilfen,Förderung von 2018 bis 2022,https://gepris.dfg.de/gepris/projekt/405975441,
3D chemische charakteristische Zeiten in der mittleren Atmosphäre (CLiMAte3D),547675919,in Professorin Dr. Claudia Christine Stephan,Physik und Chemie der Atmosphäre,Sachbeihilfen Internationaler Bezug Kanada Mitverantwortlich Dr. Mykhaylo Grygalashvyly Kooperationspartner Professor Dr. William E. Ward,Förderung seit 2024,https://gepris.dfg.de/gepris/projekt/547675919,
3D Computermodelle zur Dynamik von magnetischen Flußringen in Akkretionsscheiben,5155606,Professor Dr. Peter Ulmschneider,Astrophysik und Astronomie,Sachbeihilfen,Förderung von 1999 bis 2002,https://gepris.dfg.de/gepris/projekt/5155606,
3D Daten- und Modellmanagement für die Geowissenschaften unter besonderer Berücksichtigung von Topologie und Zeit,94512227,Professor Dr. Martin Breunig,"Geodäsie, Photogrammetrie, Fernerkundung, Geoinformatik, Kartographie",Sachbeihilfen,Förderung von 2009 bis 2018,https://gepris.dfg.de/gepris/projekt/94512227,
3D density modelling of Central Europe by an interdisciplinary interpretation of the CELEBRATION 2000 seismic experiments.,17935808,in Dr. Zuzana Alasonati Tasárová,Physik des Erdkörpers,Sachbeihilfen,Förderung von 2006 bis 2010,https://gepris.dfg.de/gepris/projekt/17935808,
3D-Dichteverteilung und isostatisches Verhalten der Lithosphäre in den Ostalpen,5145934,Professor Dr. Hans-Jürgen Götze,Physik des Erdkörpers,Sachbeihilfen,Förderung von 1999 bis 2003,https://gepris.dfg.de/gepris/projekt/5145934,
3D diffraktive Elemente durch direktes Femtosekunden-Laserschreiben,409765270,Professor Dr.-Ing. Michael Schmidt,Produktionsautomatisierung und Montagetechnik,Sachbeihilfen Internationaler Bezug Österreich Partnerorganisation Fonds zur,Förderung von 2019 bis 2023,https://gepris.dfg.de/gepris/projekt/409765270,
"3D distribution of cosmic rays in the Galaxy, anisotropic diffusion, computation of the proton spectrum along the Sun's orbit, heliospheric modulation of interstellar proton spectra",98076068,Privatdozent Dr. Horst Fichtner,Astrophysik und Astronomie,Sachbeihilfen,Förderung von 2009 bis 2013,https://gepris.dfg.de/gepris/projekt/98076068,
"3D-Druck mit Beton – numerische und experimentelle Beschreibung der Teilprozesse Extrusion, Ablage und schichtenweiser Aufbau",545131259,Professor Dr.-Ing. Viktor Mechtcherine ; Professor Dr. Günther Meschke,"Angewandte Mechanik, Statik und Dynamik Baustoffwissenschaften, Bauchemie, Bauphysik",Sachbeihilfen,Förderung seit 2024,https://gepris.dfg.de/gepris/projekt/545131259,
3D-Druck von realistischen MRT Phantomen um die Entwicklung und Vergleichbarkeit von MR Sequenzen zu verbessern: Machbarkeitsstudie an einem Lebermetastasen-Modell,402193160,Privatdozent Dr. Paul Jahnke ; Professor Dr. Marcus R. Makowski,"Medizinische Physik, Biomedizinische Technik Nuklearmedizin, Strahlentherapie, Strahlenbiologie",Sachbeihilfen,Förderung von 2018 bis 2023,https://gepris.dfg.de/gepris/projekt/402193160,
3D effects of seismic ground motion in the Taipei Basin and implications for hazard and risk,27463483,Professor Dr. Friedemann Wenzel,Physik des Erdkörpers,Sachbeihilfen Internationaler Bezug Taiwan,Förderung von 2007 bis 2009,https://gepris.dfg.de/gepris/projekt/27463483,
3-d evolution of solar wind streams and suprathermal particles,64101029,Professor Dr. Robert F. Wimmer-Schweingruber,Astrophysik und Astronomie,Sachbeihilfen,Förderung von 2008 bis 2012,https://gepris.dfg.de/gepris/projekt/64101029,
3D-FaserForm - Integrierte 3D-Geometrie- und -Texturmessung für die FVK-Produktion,152202997,Professor Dr.-Ing. Robert Heinrich Schmitt,"Produktionssystematik, Betriebswissenschaften, Qualitätsmanagement und Fabrikplanung",Sachbeihilfen,Förderung von 2009 bis 2012,https://gepris.dfg.de/gepris/projekt/152202997,
3D-Finite-Elemente-Mikrobohrsimulation mehrphasiger Werkstoffe,175020554,Professor Dr.-Ing. Fritz Klocke,Spanende und abtragende Fertigungstechnik,Sachbeihilfen,Förderung von 2010 bis 2017,https://gepris.dfg.de/gepris/projekt/175020554,
3D Finite Elemente Simulationen zur Verbesserung der Abbildung von Luft- und Ventilationsverteilung in der Lunge durch Elektrische Impedanztomographie (EIT),363793217,Dr. Günter Hahn,"Medizinische Physik, Biomedizinische Technik",Sachbeihilfen Mitverantwortlich Professor Dr. Michael Quintel,Förderung von 2017 bis 2019,https://gepris.dfg.de/gepris/projekt/363793217,
3DFold - Programmierte Faltung mesoskopischer 3D Objekte durch viskoeelastische Rekonfiguration,412265813,Dr.-Ing. Robert Kirchner,Mikrosysteme Herstellung und Eigenschaften von Funktionsmaterialien,Sachbeihilfen,Förderung von 2018 bis 2022,https://gepris.dfg.de/gepris/projekt/412265813,
3D Freihand Ultraschall für Neurologische Diagnostik,240707732,Professor Dr. Kai Bötzel ; Professor Dr. Nassir Navab,"Medizinische Physik, Biomedizinische Technik",Sachbeihilfen,Förderung von 2013 bis 2017,https://gepris.dfg.de/gepris/projekt/240707732,
3D Funktionsmodule der mimischen Muskulatur (3D FACE),513971995,Professor Dr. Martin S. Fischer ; Professor Dr. Orlando Guntinas-Lichius,"Hals-Nasen-Ohrenheilkunde, Phoniatrie und Audiologie",Sachbeihilfen,Förderung seit 2023,https://gepris.dfg.de/gepris/projekt/513971995,
3D-gedruckte Drug-Delivery-Systeme mit zeitlich steuerbarer Wirkstofffreisetzung,355927747,Professor Dr.-Ing. Hermann Seitz ; Dr. Michael Teske,"Biomaterialien Herstellung und Eigenschaften von Funktionsmaterialien Medizinische Physik, Biomedizinische Technik",Sachbeihilfen Mitverantwortliche Dr. Thomas Eickner ; Professor Dr.-Ing. Niels Grabow ; Professor Dr.-Ing. Klaus-Peter Schmitz,Förderung von 2017 bis 2019,https://gepris.dfg.de/gepris/projekt/355927747,
3D gedruckte in vitro Knochenmodelle,535949855,in Dr. Anne Bernhardt,"Orthopädie, Unfallchirurgie, rekonstruktive Chirurgie",Sachbeihilfen,Förderung seit 2023,https://gepris.dfg.de/gepris/projekt/535949855,
